-- phpMyAdmin SQL Dump
-- version 4.5.5.1
-- http://www.phpmyadmin.net
--
-- Client :  127.0.0.1
-- Généré le :  Jeu 12 Septembre 2019 à 22:54
-- Version du serveur :  5.7.11
-- Version de PHP :  7.0.4

SET SQL_MODE = "NO_AUTO_VALUE_ON_ZERO";
SET time_zone = "+00:00";


/*!40101 SET @OLD_CHARACTER_SET_CLIENT=@@CHARACTER_SET_CLIENT */;
/*!40101 SET @OLD_CHARACTER_SET_RESULTS=@@CHARACTER_SET_RESULTS */;
/*!40101 SET @OLD_COLLATION_CONNECTION=@@COLLATION_CONNECTION */;
/*!40101 SET NAMES utf8mb4 */;

--
-- Base de données :  `artpublicmontreal`
--

-- --------------------------------------------------------

--
-- Structure de la table `artiste`
--

CREATE TABLE `artiste` (
  `id_artiste` int(11) NOT NULL,
  `Nom` varchar(200) NOT NULL,
  `Prenom` varchar(100) NOT NULL,
  `NomCollectif` varchar(100) NOT NULL,
  `Description` varchar(1000) DEFAULT NULL,
  `site_web` varchar(100) DEFAULT NULL
) ENGINE=MyISAM DEFAULT CHARSET=utf8;

--
-- Contenu de la table `artiste`
--

INSERT INTO `artiste` (`id_artiste`, `Nom`, `Prenom`, `NomCollectif`, `Description`, `site_web`) VALUES
(960, 'Coutu', 'Patrick', '', NULL, NULL),
(1098, 'Alloucherie', 'Jocelyne', '', NULL, NULL),
(1135, 'Angers', 'Pierre Yves', '', NULL, NULL),
(1152, 'Arsenault', 'Denise', '', NULL, NULL),
(1156, '', '', 'Atelier TAG', NULL, NULL),
(1173, 'Adam', 'Henri-Georges', '', NULL, NULL),
(1394, 'Antoci', 'Rosario', '', NULL, NULL),
(1396, 'Aquino', 'Eduardo', '', NULL, NULL),
(6661, 'Streubel', 'Heinrich', '', NULL, NULL),
(1398, 'Inconnu', 'Auteur', '', NULL, NULL),
(3091, 'Pootoogook', 'Elijah Pudlat', '', NULL, NULL),
(3092, 'Saggiak', 'Kumakuluk', '', NULL, NULL),
(1408, 'Baier', 'Nicolas', '', NULL, NULL),
(1174, 'Balboni', 'Carlo', '', NULL, NULL),
(1424, 'Bélanger', 'Octave', '', NULL, NULL),
(1177, 'Benet', 'Eugène-Paul', '', NULL, NULL),
(1179, 'Berezowsky', 'Liliana', '', NULL, NULL),
(1180, 'Bergeron', 'Germain', '', NULL, NULL),
(1433, 'Bérubé', 'Patrick', '', NULL, NULL),
(1183, 'Boisvert', 'Gilles', '', NULL, NULL),
(1184, 'Borduas', 'Paul', '', NULL, NULL),
(1453, 'Borduas', 'Paul-Émile', '', NULL, NULL),
(1458, 'Boudot', 'Lucien', '', NULL, NULL),
(1459, 'Cerceau', 'Fernand', '', NULL, NULL),
(1462, 'Bourassa', 'Guy', '', NULL, NULL),
(1185, 'Bourgault', 'Pierre', '', NULL, NULL),
(1186, 'Bourgeau', 'Annick', '', NULL, NULL),
(1253, 'Lasalle', 'Jules', '', NULL, NULL),
(1187, 'Boyer', 'Gilbert', '', NULL, NULL),
(1473, 'Brière', 'Marie-France', '', NULL, NULL),
(1188, 'Brunet', 'Émile', '', NULL, NULL),
(1189, 'Buren', 'Daniel', '', NULL, NULL),
(1190, 'Burman', 'Irving', '', NULL, NULL),
(1191, 'Cadieux', 'Alain', '', NULL, NULL),
(1192, 'Calder', 'Alexander', '', NULL, NULL),
(1193, 'Cantieni', 'Graham', '', NULL, NULL),
(1194, 'Cardenas', 'Augustin', '', NULL, NULL),
(1195, 'Carpentier', 'Jacques', '', NULL, NULL),
(1496, 'Cartier', 'Jean', '', NULL, NULL),
(1196, 'Casini', 'Guido', '', NULL, NULL),
(1197, 'Cavalli', 'Roger', '', NULL, NULL),
(1504, 'Charland-Favretti', 'Lyse', '', NULL, NULL),
(1198, 'Charney', 'Melvin', '', NULL, NULL),
(1199, 'Chavignier', 'Louis', '', NULL, NULL),
(1509, 'Comtois', 'Ulysse', '', NULL, NULL),
(1511, 'Connolly', 'Reynald', '', NULL, NULL),
(1200, '', '', 'Cooke-Sasseville', NULL, NULL),
(1515, 'Covit', 'Linda', '', NULL, NULL),
(2611, 'Séguin', 'Marie-Claude', '', NULL, NULL),
(2973, 'Hardy et associés', 'Cardinal', '', NULL, NULL),
(1202, 'Daoust', 'Sylvia', '', NULL, NULL),
(1203, 'Dardel', 'René', '', NULL, NULL),
(1204, 'Daudelin', 'Charles', '', NULL, NULL),
(1205, 'De Almeida', 'Charters', '', NULL, NULL),
(1206, 'De Broin', 'Michel', '', NULL, NULL),
(1207, 'De Leon Imao', 'Abdulmari Jr.', '', NULL, NULL),
(1208, 'De Palma', 'Armand', '', NULL, NULL),
(1547, 'De Tonnancour', 'Jacques', '', NULL, NULL),
(1209, 'Debré', 'Olivier', '', NULL, NULL),
(1210, 'Delavalle', 'Jean-Marie', '', NULL, NULL),
(1552, 'Delfosse', 'George', '', NULL, NULL),
(1211, 'Démidoff-Séguin', 'Tatiana', '', NULL, NULL),
(1212, 'Dubois', 'Pierre-Gilles', '', NULL, NULL),
(1213, 'Dubray', 'Vital', '', NULL, NULL),
(1214, 'Dumouchel', 'Agnès', '', NULL, NULL),
(1215, 'Duval', 'Lucie', '', NULL, NULL),
(1219, 'Dyens', 'Georges', '', NULL, NULL),
(1220, 'Edstrom', 'Peter David', '', NULL, NULL),
(1221, 'Eloul', 'Kosso', '', NULL, NULL),
(1572, 'Faniel', 'Alfred', '', NULL, NULL),
(1574, 'Farley', 'Denis', '', NULL, NULL),
(1575, 'Filion', 'Armand', '', NULL, NULL),
(1576, 'Fiorucci', 'Vittorio', '', NULL, NULL),
(1223, 'Fontaine', 'Lorraine', '', NULL, NULL),
(1584, 'Fortin', 'Marc-Aurèle', '', NULL, NULL),
(1222, 'Fournelle', 'André', '', NULL, NULL),
(1225, 'Galipeau', 'Benoit', '', NULL, NULL),
(1226, 'Gavoty', 'Jean-François', '', NULL, NULL),
(1608, 'Péré', 'Guerric', '', NULL, NULL),
(1227, 'Gladstone', 'Gerald', '', NULL, NULL),
(1228, 'Gnass', 'Peter', '', NULL, NULL),
(1229, 'Gokakis', 'Spyros', '', NULL, NULL),
(1230, 'Gorduz', 'Vasile', '', NULL, NULL),
(1231, 'Goulet', 'Michel', '', NULL, NULL),
(1232, 'Goulet', 'Rose-Marie', '', NULL, NULL),
(2397, 'Robert', 'Marie-Claude', '', NULL, NULL),
(1233, 'Granche', 'Pierre', '', NULL, NULL),
(1234, 'Granet', 'Roseline', '', NULL, NULL),
(1236, 'Hayeur', 'Isabelle', '', NULL, NULL),
(1645, 'Hébert', 'Adrien', '', NULL, NULL),
(1237, 'Hébert', 'Henri', '', NULL, NULL),
(1653, 'Hébert', 'Jacques', '', NULL, NULL),
(1238, 'Hébert', 'Louis-Philippe', '', NULL, NULL),
(1239, 'Heyvaert', 'Pierre', '', NULL, NULL),
(1240, 'Hill', 'George William', '', NULL, NULL),
(1671, 'Holgate', 'Edwin H.', '', NULL, NULL),
(1242, 'Hunt', 'Henry', '', NULL, NULL),
(3181, 'Hunt', 'Tony', '', NULL, NULL),
(1243, 'Hunter', 'Raoul', '', NULL, NULL),
(1246, 'Jarnuszkiewicz', 'Jacek', '', NULL, NULL),
(1681, 'Keyt', 'George', '', NULL, NULL),
(1247, 'Lachapelle', 'Guillaume', '', NULL, NULL),
(1248, 'Laliberté', 'Alfred', '', NULL, NULL),
(1694, 'Lamarche', 'Claude', '', NULL, NULL),
(1249, 'Lancz', 'Paul', '', NULL, NULL),
(1250, 'Langevin', 'Roger', '', NULL, NULL),
(1707, 'Lapalme', 'Robert', '', NULL, NULL),
(1709, 'Lapointe', 'Michèle', '', NULL, NULL),
(1251, 'Larivée', 'Francine', '', NULL, NULL),
(1252, 'Larivière', 'Gilles', '', NULL, NULL),
(1254, 'Lawson', 'Georges Anderson', '', NULL, NULL),
(1255, 'Leblanc', 'Pierre', '', NULL, NULL),
(1257, 'Lebourg', 'Charles-Auguste', '', NULL, NULL),
(1258, 'Leclerc', 'Pierre E.', '', NULL, NULL),
(1256, 'Lefébure', 'Jean', '', NULL, NULL),
(1260, 'Lemieux', 'F. Maurice', '', NULL, NULL),
(1259, 'Lemieux', 'Lisette', '', NULL, NULL),
(1262, '', '', 'Les Industries perdues', NULL, NULL),
(1263, 'Lui', 'Andrew', '', NULL, NULL),
(1264, 'Maler', 'Miroslav Frederik', '', NULL, NULL),
(1772, 'McCarthy', 'Coeur de lion', '', NULL, NULL),
(1241, 'Hilton-Moore', 'Marlene', '', NULL, NULL),
(1265, 'McEwen', 'John', '', NULL, NULL),
(1775, 'Merola', 'Mario', '', NULL, NULL),
(1266, 'Mihalcean', 'Gilles', '', NULL, NULL),
(1267, 'Millette', 'Claude', '', NULL, NULL),
(2786, 'Mitchell', 'Robert', '', NULL, NULL),
(1270, 'Moore', 'David', '', NULL, NULL),
(1797, 'Moreau', 'Mathurin', '', NULL, NULL),
(1271, 'Morin', 'Jean-Pierre', '', NULL, NULL),
(1802, 'Morin', 'Madeleine', '', NULL, NULL),
(1804, 'Morosoli', 'Joëlle', '', NULL, NULL),
(1805, 'Mott', 'J.L.', '', NULL, NULL),
(1272, 'Nadeau', 'Guy', '', NULL, NULL),
(1806, 'Nadeau', 'Marc-Antoine', '', NULL, NULL),
(1273, 'Narita', 'Takera', '', NULL, NULL),
(1274, 'Nepveu', 'Robert', '', NULL, NULL),
(1275, 'Olariu', 'Octavian', '', NULL, NULL),
(1829, 'Paiement', 'Alain', '', NULL, NULL),
(1276, 'Pang', 'Tin Neon', '', NULL, NULL),
(1277, 'Pellegrinuzzi', 'Roberto', '', NULL, NULL),
(1830, 'Pellerin', 'Guy', '', NULL, NULL),
(1278, 'Pelletier', 'Robert', '', NULL, NULL),
(1831, 'Pellus', 'Raymond', '', NULL, NULL),
(1279, 'Pelzer', 'Alfonso', '', NULL, NULL),
(1280, 'Pillhofer', 'Josef', '', NULL, NULL),
(1832, 'Pilot', 'Robert', '', NULL, NULL),
(1282, 'Planes', 'José', '', NULL, NULL),
(1283, 'Poliquin', 'Jean-Noël', '', NULL, NULL),
(1285, 'Poulin', 'Roland', '', NULL, NULL),
(1286, 'Prent', 'Mark', '', NULL, NULL),
(1288, 'Reddy', 'Krishna', '', NULL, NULL),
(1846, 'Reusch', 'Astri', '', NULL, NULL),
(1849, 'Rochette', 'Sylvie', '', NULL, NULL),
(2883, 'Rolland', 'Dominique', '', NULL, NULL),
(1291, 'Roussil', 'Robert', '', NULL, NULL),
(1293, 'Sandonato', 'Aurelio', '', NULL, NULL),
(1294, 'Santini', 'Laura', '', NULL, NULL),
(1295, 'Saxe', 'Henry', '', NULL, NULL),
(1296, 'Schleeh', 'Hans', '', NULL, NULL),
(1297, 'Sebastian', '', '', NULL, NULL),
(1850, 'Si Tu', 'Jie', '', NULL, NULL),
(1298, 'Signori', 'Carlos Sergio', '', NULL, NULL),
(1299, 'Sklavos', 'Yérassimo (Gerasimos)', '', NULL, NULL),
(1300, 'Szekely', 'Pierre', '', NULL, NULL),
(1902, 'Taccola', 'U', '', NULL, NULL),
(1903, 'Zaccarella', 'A', '', NULL, NULL),
(1904, 'Taylor', 'William Hughes', '', NULL, NULL),
(1905, 'Tett', 'Alison', '', NULL, NULL),
(3084, 'Yamazaki', 'Katsuhiro', 'Atelier TAG', NULL, NULL),
(1301, 'Théberge', 'Claude', '', NULL, NULL),
(1907, 'Gendreau', 'Marcel', '', NULL, NULL),
(1302, 'Thorvaldsen', 'Berthel', '', NULL, NULL),
(1908, 'Topham', 'William Thurston', '', NULL, NULL),
(1303, 'Toto', 'Carlos Maria', '', NULL, NULL),
(1304, 'Trudeau', 'Yves', '', NULL, NULL),
(1305, 'Vaillancourt', 'Armand', '', NULL, NULL),
(1306, 'Valade', 'Dominique', '', NULL, NULL),
(1909, 'Van Der Heide', 'Herman J.', '', NULL, NULL),
(1307, 'Vazan', 'Bill', '', NULL, NULL),
(1910, 'Végiard', 'Alfonse', '', NULL, NULL),
(1911, 'Vermette', 'Claude', '', NULL, NULL),
(1308, 'Viger', 'Louise', '', NULL, NULL),
(1309, 'Vincent', 'Joseph-Arthur', '', NULL, NULL),
(1310, 'Vivot', 'Léa', '', NULL, NULL),
(1311, 'Wade', 'George Edward', '', NULL, NULL),
(1312, 'Widgery', 'Catherine', '', NULL, NULL),
(1313, 'Winant', 'Alice', '', NULL, NULL),
(1314, 'Witebsky', 'Shirley', '', NULL, NULL),
(1315, 'Wood', 'Marshall', '', NULL, NULL),
(1284, 'Pelletier', 'Luce', '', NULL, NULL),
(1235, 'Hannah', 'Adad', '', NULL, NULL),
(3094, 'Lauda', 'Jiri Georges', '', NULL, NULL),
(3095, 'Pannier', 'Paul', '', NULL, NULL),
(1178, 'Bélanger', 'Gwenaël', '', NULL, NULL),
(1181, 'Besner', 'Jean-Jacques', '', NULL, NULL),
(5598, '', '', 'Daily tous les jours', NULL, NULL),
(3103, 'Montillaud', 'Francis', '', NULL, NULL),
(3106, 'Wilson', 'Robert', '', NULL, NULL),
(1182, 'Bisson', 'Yvette', '', NULL, NULL),
(5797, 'Sylvain', 'Catherine', '', NULL, NULL),
(6671, '', '', 'BGL', NULL, NULL);

-- --------------------------------------------------------

--
-- Structure de la table `artiste_oeuvre`
--

CREATE TABLE `artiste_oeuvre` (
  `id_artiste` int(11) NOT NULL,
  `id_oeuvre` int(11) NOT NULL
) ENGINE=MyISAM DEFAULT CHARSET=utf8;

--
-- Contenu de la table `artiste_oeuvre`
--

INSERT INTO `artiste_oeuvre` (`id_artiste`, `id_oeuvre`) VALUES
(960, 962),
(1098, 1099),
(1098, 1119),
(1135, 1127),
(1135, 1137),
(1152, 1151),
(1156, 1157),
(1173, 1391),
(1394, 1393),
(1396, 1397),
(6661, 1399),
(1398, 1400),
(1398, 1401),
(1398, 1402),
(1398, 1403),
(1398, 1406),
(1398, 1407),
(1408, 1414),
(1408, 1415),
(1174, 1416),
(1424, 1425),
(1177, 1426),
(1180, 1431),
(1433, 1434),
(1183, 1443),
(1453, 1450),
(1453, 1451),
(1453, 1452),
(1453, 1454),
(1453, 1455),
(1458, 1457),
(1459, 1457),
(1462, 1461),
(1186, 1465),
(1186, 1467),
(1253, 1467),
(1187, 1468),
(1187, 1470),
(1188, 1474),
(1188, 1476),
(1189, 1478),
(1190, 1480),
(1192, 1484),
(1193, 1486),
(1194, 1488),
(1195, 1490),
(1195, 1492),
(1195, 1494),
(1496, 1497),
(1196, 1498),
(1197, 1501),
(1199, 1507),
(1509, 1510),
(1200, 1513),
(1200, 1514),
(1515, 1516),
(1515, 1518),
(1515, 1520),
(1515, 1522),
(2611, 1522),
(2973, 1522),
(1202, 1524),
(1203, 1526),
(1204, 1528),
(1204, 1530),
(1204, 1534),
(1205, 1536),
(1206, 1538),
(1207, 1542),
(1208, 1544),
(1547, 1546),
(1209, 1548),
(1210, 1550),
(1552, 1553),
(1211, 1554),
(1211, 1555),
(1212, 1557),
(1213, 1559),
(1214, 1561),
(1215, 1565),
(1219, 1566),
(1220, 1568),
(1221, 1570),
(1572, 1571),
(1574, 1573),
(1575, 1577),
(1575, 1578),
(1584, 1583),
(1222, 1595),
(1222, 1597),
(1222, 1598),
(1222, 1600),
(1222, 1602),
(1225, 1604),
(1226, 1606),
(1608, 1606),
(1227, 1610),
(1228, 1612),
(1229, 1616),
(1230, 1618),
(1231, 1622),
(1231, 1625),
(1231, 1627),
(1231, 1629),
(1231, 1631),
(1232, 1633),
(1232, 1635),
(1232, 1636),
(2397, 1636),
(1233, 1638),
(1234, 1640),
(1234, 1641),
(1236, 1643),
(1645, 1644),
(1237, 1648),
(1238, 1654),
(1238, 1656),
(1238, 1658),
(1239, 1662),
(1240, 1664),
(1240, 1666),
(1240, 1668),
(1671, 1670),
(1242, 1672),
(3181, 1672),
(1243, 1676),
(1246, 1679),
(1681, 1682),
(1247, 1684),
(1248, 1685),
(1248, 1687),
(1248, 1689),
(1248, 1691),
(1248, 1692),
(1694, 1697),
(1249, 1698),
(1249, 1700),
(1249, 1701),
(1250, 1702),
(1250, 1704),
(1707, 1706),
(1709, 1708),
(1251, 1711),
(1252, 1713),
(1253, 1715),
(1253, 1717),
(1253, 1719),
(1253, 1721),
(1253, 1723),
(1254, 1724),
(1255, 1728),
(1255, 1730),
(1255, 1732),
(1255, 1734),
(1255, 1736),
(1257, 1738),
(1258, 1740),
(1260, 1744),
(1260, 1745),
(1260, 1748),
(1260, 1750),
(1260, 1752),
(1259, 1756),
(1259, 1757),
(1259, 1759),
(1263, 1764),
(1264, 1767),
(1264, 1769),
(1772, 1771),
(1241, 1773),
(1265, 1773),
(1775, 1776),
(1775, 1777),
(1266, 1779),
(1266, 1781),
(1266, 1783),
(1267, 1784),
(1267, 1788),
(1267, 1790),
(2786, 1792),
(1270, 1794),
(1797, 1796),
(1271, 1798),
(1271, 1800),
(1804, 1809),
(1805, 1810),
(1805, 1812),
(1272, 1815),
(1273, 1821),
(1274, 1823),
(1275, 1825),
(1808, 1827),
(1829, 1828),
(1276, 1835),
(1830, 1839),
(1278, 1840),
(1831, 1842),
(1280, 1851),
(1832, 1853),
(1282, 1854),
(1283, 1856),
(1285, 1859),
(1286, 1860),
(1288, 1865),
(1849, 1871),
(2883, 1874),
(1291, 1876),
(1291, 1878),
(1291, 1880),
(1291, 1882),
(1293, 1885),
(1294, 1887),
(1295, 1889),
(1296, 1891),
(1297, 1893),
(1850, 1895),
(1298, 1897),
(1299, 1899),
(1902, 1912),
(1903, 1912),
(1904, 1913),
(1905, 1914),
(1905, 1916),
(3084, 1916),
(1301, 1917),
(1301, 1919),
(1907, 1919),
(1302, 1920),
(1908, 1923),
(1303, 1924),
(1304, 1926),
(1304, 1928),
(1304, 1930),
(1305, 1932),
(1305, 1934),
(1305, 1936),
(1305, 1938),
(1305, 1940),
(1306, 1944),
(1306, 1946),
(1306, 1948),
(1909, 1950),
(1307, 1951),
(1307, 1953),
(1307, 1955),
(1911, 1958),
(1308, 1960),
(1309, 1962),
(1310, 1964),
(1311, 1966),
(1312, 1968),
(1312, 1970),
(1313, 1972),
(1314, 1974),
(1315, 1976),
(1235, 3093),
(1178, 3097),
(1181, 3098),
(5598, 3101),
(3103, 3104),
(3106, 3107),
(6671, 6680);

-- --------------------------------------------------------

--
-- Structure de la table `categorie`
--

CREATE TABLE `categorie` (
  `id_categorie` int(11) NOT NULL,
  `Nom` varchar(200) NOT NULL
) ENGINE=MyISAM DEFAULT CHARSET=utf8;

--
-- Contenu de la table `categorie`
--

INSERT INTO `categorie` (`id_categorie`, `Nom`) VALUES
(1, 'Beaux-arts'),
(2, 'Arts décoratifs');

-- --------------------------------------------------------

--
-- Structure de la table `categorie_oeuvre`
--

CREATE TABLE `categorie_oeuvre` (
  `id_categorie` int(11) NOT NULL,
  `id_oeuvre` int(11) NOT NULL
) ENGINE=MyISAM DEFAULT CHARSET=utf8;

--
-- Contenu de la table `categorie_oeuvre`
--

INSERT INTO `categorie_oeuvre` (`id_categorie`, `id_oeuvre`) VALUES
(1, 962),
(1, 1099),
(1, 1119),
(1, 1127),
(1, 1137),
(1, 1151),
(1, 1157),
(1, 1391),
(1, 1393),
(1, 1397),
(1, 1399),
(1, 1406),
(1, 1414),
(1, 1415),
(1, 1416),
(1, 1425),
(1, 1426),
(1, 1431),
(1, 1434),
(1, 1443),
(1, 1450),
(1, 1451),
(1, 1452),
(1, 1454),
(1, 1455),
(1, 1457),
(1, 1461),
(1, 1465),
(1, 1467),
(1, 1468),
(1, 1470),
(1, 1474),
(1, 1476),
(1, 1478),
(1, 1480),
(1, 1484),
(1, 1486),
(1, 1488),
(1, 1490),
(1, 1492),
(1, 1494),
(1, 1498),
(1, 1501),
(1, 1507),
(1, 1510),
(1, 1513),
(1, 1514),
(1, 1516),
(1, 1518),
(1, 1520),
(1, 1522),
(1, 1524),
(1, 1526),
(1, 1528),
(1, 1530),
(1, 1534),
(1, 1536),
(1, 1538),
(1, 1542),
(1, 1544),
(1, 1546),
(1, 1548),
(1, 1550),
(1, 1553),
(1, 1554),
(1, 1555),
(1, 1557),
(1, 1559),
(1, 1561),
(1, 1565),
(1, 1566),
(1, 1568),
(1, 1570),
(1, 1571),
(1, 1573),
(1, 1577),
(1, 1578),
(1, 1583),
(1, 1595),
(1, 1597),
(1, 1598),
(1, 1600),
(1, 1602),
(1, 1604),
(1, 1606),
(1, 1610),
(1, 1612),
(1, 1616),
(1, 1618),
(1, 1622),
(1, 1625),
(1, 1627),
(1, 1629),
(1, 1631),
(1, 1633),
(1, 1635),
(1, 1636),
(1, 1638),
(1, 1640),
(1, 1641),
(1, 1643),
(1, 1644),
(1, 1648),
(1, 1654),
(1, 1656),
(1, 1658),
(1, 1662),
(1, 1664),
(1, 1666),
(1, 1668),
(1, 1670),
(1, 1672),
(1, 1676),
(1, 1679),
(1, 1684),
(1, 1685),
(1, 1687),
(1, 1689),
(1, 1691),
(1, 1692),
(1, 1697),
(1, 1698),
(1, 1700),
(1, 1701),
(1, 1702),
(1, 1704),
(1, 1711),
(1, 1713),
(1, 1715),
(1, 1717),
(1, 1719),
(1, 1721),
(1, 1723),
(1, 1724),
(1, 1728),
(1, 1730),
(1, 1732),
(1, 1734),
(1, 1736),
(1, 1738),
(1, 1740),
(1, 1744),
(1, 1745),
(1, 1748),
(1, 1750),
(1, 1752),
(1, 1756),
(1, 1757),
(1, 1759),
(1, 1764),
(1, 1767),
(1, 1769),
(1, 1771),
(1, 1773),
(1, 1776),
(1, 1777),
(1, 1779),
(1, 1781),
(1, 1783),
(1, 1784),
(1, 1788),
(1, 1790),
(1, 1792),
(1, 1794),
(1, 1796),
(1, 1798),
(1, 1800),
(1, 1809),
(1, 1810),
(1, 1812),
(1, 1815),
(1, 1821),
(1, 1823),
(1, 1825),
(1, 1828),
(1, 1835),
(1, 1839),
(1, 1840),
(1, 1842),
(1, 1851),
(1, 1853),
(1, 1854),
(1, 1856),
(1, 1859),
(1, 1860),
(1, 1865),
(1, 1874),
(1, 1876),
(1, 1878),
(1, 1880),
(1, 1882),
(1, 1885),
(1, 1887),
(1, 1889),
(1, 1891),
(1, 1893),
(1, 1895),
(1, 1897),
(1, 1899),
(1, 1912),
(1, 1913),
(1, 1914),
(1, 1916),
(1, 1917),
(1, 1920),
(1, 1923),
(1, 1924),
(1, 1926),
(1, 1928),
(1, 1930),
(1, 1932),
(1, 1934),
(1, 1936),
(1, 1938),
(1, 1940),
(1, 1944),
(1, 1946),
(1, 1948),
(1, 1951),
(1, 1953),
(1, 1955),
(1, 1960),
(1, 1962),
(1, 1964),
(1, 1966),
(1, 1968),
(1, 1970),
(1, 1972),
(1, 1974),
(1, 1976),
(1, 3093),
(1, 3097),
(1, 3098),
(1, 3101),
(1, 3104),
(1, 3107),
(1, 6680),
(2, 1400),
(2, 1401),
(2, 1402),
(2, 1403),
(2, 1407),
(2, 1497),
(2, 1682),
(2, 1706),
(2, 1708),
(2, 1827),
(2, 1871),
(2, 1919),
(2, 1950),
(2, 1958);

-- --------------------------------------------------------

--
-- Structure de la table `materiaux`
--

CREATE TABLE `materiaux` (
  `id_mat` int(11) NOT NULL COMMENT 'Selon le NoInterne',
  `Nom` varchar(200) NOT NULL
) ENGINE=MyISAM DEFAULT CHARSET=utf8;

--
-- Contenu de la table `materiaux`
--

INSERT INTO `materiaux` (`id_mat`, `Nom`) VALUES
(1, 'Bronze'),
(2, 'Acier corten'),
(3, 'Granit'),
(5, 'Fer'),
(4, 'Ciment'),
(6, 'Peinture'),
(7, 'Calcaire'),
(8, 'Acier inoxydable'),
(9, 'Verre trempé'),
(10, 'Aluminium'),
(11, 'DEL'),
(12, 'Verre'),
(13, 'Plexiglas'),
(14, 'Papier'),
(15, 'Acier'),
(16, 'Acier brut'),
(17, 'Acier peint'),
(18, 'Tissu'),
(19, 'Bois'),
(20, 'Nylon'),
(21, 'Schiste'),
(22, 'Céramique'),
(23, 'Travertin'),
(24, 'Pierre'),
(25, 'Béton'),
(26, 'Pierre de Rivière-à-Pierre'),
(27, 'Encre de sérigraphie'),
(28, 'Granit vert laurentie'),
(29, 'Plantes indigènes'),
(30, 'Fonte'),
(31, 'Pavé'),
(32, 'Eau'),
(33, 'Laiton'),
(34, 'Émail'),
(35, 'Acier galvanisé'),
(36, 'Époxy'),
(37, 'Miroir'),
(38, 'Métal'),
(39, 'Anorthosite'),
(40, 'Plantes'),
(41, 'Acier chromé'),
(42, 'Lumière'),
(43, 'Néon'),
(44, 'Brique'),
(45, 'Mortier'),
(46, 'Luminaire'),
(47, 'Végétaux'),
(48, 'Bronze chromé'),
(49, 'Asphalte'),
(50, 'Criblure granitique'),
(51, 'Grès'),
(52, 'Marbre'),
(53, 'Plomb'),
(54, 'Fibre de verre'),
(55, 'Résine'),
(56, 'Arbres'),
(57, 'Ardoise'),
(58, 'Silicone'),
(59, 'Matériaux divers'),
(60, 'Pigments métalliques'),
(61, 'Gésso'),
(62, 'Acier intempérique'),
(63, 'Cuivre'),
(64, 'Pierre indiana'),
(65, 'Pigments'),
(66, 'Résine de copolyester'),
(67, 'Impression'),
(68, 'Béton ductal'),
(69, 'Composantes technologiques');

-- --------------------------------------------------------

--
-- Structure de la table `materiaux_oeuvre`
--

CREATE TABLE `materiaux_oeuvre` (
  `id_materiaux` int(11) NOT NULL,
  `id_oeuvre` int(11) DEFAULT NULL
) ENGINE=MyISAM DEFAULT CHARSET=utf8;

--
-- Contenu de la table `materiaux_oeuvre`
--

INSERT INTO `materiaux_oeuvre` (`id_materiaux`, `id_oeuvre`) VALUES
(1, 962),
(1, 1416),
(1, 1426),
(1, 1465),
(1, NULL),
(1, 1467),
(1, 1474),
(1, 1476),
(1, 1498),
(1, 1500),
(1, 1513),
(1, 1516),
(1, 1524),
(1, 1530),
(1, 1532),
(1, 1542),
(1, 1544),
(1, 1559),
(1, 1568),
(1, NULL),
(1, 1606),
(1, 1612),
(1, 1616),
(1, 1618),
(1, 1622),
(1, 1625),
(1, 1640),
(1, 1641),
(1, 1648),
(1, 1650),
(1, 1654),
(1, 1656),
(1, 1658),
(1, 1660),
(1, 1664),
(1, 1666),
(1, 1668),
(1, 1676),
(1, 1683),
(1, 1685),
(1, 1687),
(1, 1689),
(1, 1691),
(1, 1692),
(1, 1698),
(1, 1700),
(1, 1701),
(1, 1702),
(1, 1717),
(1, 1721),
(1, 1724),
(1, 1742),
(1, 1771),
(1, NULL),
(1, 1773),
(1, 1840),
(1, 1854),
(1, 1874),
(1, NULL),
(1, 1912),
(1, 1920),
(1, 1924),
(1, 1962),
(1, 1964),
(1, 1966),
(1, 1972),
(1, 1976),
(1, 3104),
(3, 1524),
(3, 1518),
(3, 1516),
(3, 1505),
(3, 1476),
(3, 1474),
(3, 1470),
(3, 1468),
(3, 1465),
(3, 1426),
(3, 1416),
(3, 1119),
(2, 1887),
(2, 1859),
(2, 1773),
(2, NULL),
(2, 1757),
(2, 1744),
(2, 1604),
(2, 1581),
(2, 1550),
(2, 1157),
(2, 1119),
(2, 1099),
(3, 1534),
(3, 1536),
(3, 1542),
(3, 1544),
(3, 1548),
(3, 1559),
(3, 1568),
(3, 1597),
(3, 1600),
(3, 1602),
(3, NULL),
(3, 1606),
(3, 1616),
(3, NULL),
(3, 1636),
(3, 1641),
(3, 1648),
(3, 1654),
(3, 1656),
(3, 1658),
(3, 1660),
(3, 1664),
(3, 1666),
(3, 1668),
(3, 1687),
(3, 1689),
(3, 1691),
(3, 1692),
(3, 1698),
(3, 1700),
(3, 1711),
(3, 1719),
(3, 1721),
(3, 1724),
(3, 1728),
(3, 1779),
(3, 1783),
(3, 1786),
(3, 1821),
(3, 1840),
(3, 1843),
(3, 1854),
(3, 1872),
(3, 1874),
(3, 1891),
(3, 1895),
(3, 1899),
(3, NULL),
(3, 1916),
(3, 1917),
(3, 1942),
(3, 1944),
(3, 1946),
(3, 1948),
(3, 1953),
(3, 1955),
(3, 1966),
(3, 1976),
(3, 2994),
(3, 5809),
(4, 1127),
(4, 1137),
(4, 1548),
(4, 1554),
(4, 1555),
(4, 1598),
(4, 1715),
(4, 1856),
(4, 1880),
(4, 1889),
(4, 1946),
(5, 1127),
(5, 1137),
(5, 1962),
(6, 1127),
(6, 1137),
(6, 1406),
(6, 1497),
(6, 1548),
(6, 1554),
(6, 1555),
(6, 1595),
(6, 1598),
(6, 1696),
(6, 1706),
(6, 1779),
(6, 1815),
(6, NULL),
(6, 1828),
(6, 1867),
(6, NULL),
(6, 1919),
(6, 1938),
(6, 1940),
(7, 1151),
(7, 1393),
(7, 1480),
(7, 1507),
(7, NULL),
(7, NULL),
(7, 1522),
(7, 1570),
(7, 1641),
(7, 1767),
(7, 1779),
(7, 1792),
(7, 1851),
(7, 1865),
(7, 1946),
(7, 1974),
(8, 1157),
(8, 1391),
(8, 1470),
(8, 1484),
(8, 1505),
(8, 1516),
(8, 1520),
(8, 1530),
(8, 1540),
(8, 1597),
(8, NULL),
(8, 1606),
(8, 1612),
(8, 1620),
(8, 1622),
(8, 1625),
(8, 1631),
(8, NULL),
(8, 1636),
(8, 1723),
(8, 1783),
(8, 1790),
(8, 1825),
(8, NULL),
(8, 1838),
(8, 1860),
(8, 1880),
(8, 1887),
(8, NULL),
(8, 1916),
(8, 1960),
(8, 3097),
(8, 3098),
(8, 3104),
(8, 3107),
(8, 6680),
(9, 1157),
(10, 1397),
(10, 1461),
(10, 1463),
(10, 1478),
(10, 1482),
(10, 1512),
(10, 1514),
(10, 1538),
(10, 1563),
(10, 1579),
(10, 1627),
(10, 1643),
(10, 1674),
(10, 1713),
(10, 1719),
(10, 1779),
(10, 1781),
(10, 1800),
(10, 1803),
(10, 1819),
(10, NULL),
(10, 1838),
(10, 1867),
(10, 1930),
(10, 1946),
(10, 1950),
(10, 1968),
(10, 2994),
(10, 5809),
(10, 6680),
(11, 1397),
(11, 6680),
(13, 1414),
(13, 1565),
(13, 6680),
(12, 1157),
(12, 1414),
(12, 1461),
(12, 1503),
(12, 1597),
(12, 1602),
(12, 1682),
(12, 1704),
(12, 1708),
(12, 1740),
(12, 1742),
(12, 1756),
(12, 1776),
(12, NULL),
(12, 1828),
(12, NULL),
(12, 1837),
(12, NULL),
(12, 1838),
(12, 1860),
(12, 1867),
(12, 1880),
(12, 1936),
(14, 1415),
(14, NULL),
(14, NULL),
(14, 1546),
(14, 1643),
(14, NULL),
(14, 1834),
(14, NULL),
(14, 1837),
(16, 1443),
(16, 1815),
(16, 1860),
(16, 1970),
(17, 1443),
(17, 1447),
(17, 1490),
(17, 1492),
(17, 1494),
(17, 1748),
(17, 1893),
(18, 1461),
(18, NULL),
(18, NULL),
(18, 1546),
(19, 1461),
(19, 1503),
(19, NULL),
(19, NULL),
(19, 1546),
(19, 1554),
(19, 1565),
(19, 1580),
(19, NULL),
(19, 1606),
(19, NULL),
(19, 1672),
(19, 1679),
(19, 1726),
(19, 1755),
(19, NULL),
(19, 1828),
(19, NULL),
(19, 1834),
(19, NULL),
(19, 1837),
(19, 1867),
(20, 1478),
(20, 1503),
(20, NULL),
(20, NULL),
(20, 1546),
(20, 1684),
(21, 1488),
(22, 1497),
(22, 1561),
(22, 1706),
(22, 1776),
(22, 1917),
(22, NULL),
(22, 1919),
(22, NULL),
(22, 3096),
(23, 1498),
(24, 1501),
(24, 1516),
(24, 1578),
(24, 1620),
(24, 1687),
(24, 1726),
(24, 1736),
(24, 1769),
(24, 1794),
(24, 1874),
(24, 1936),
(24, 1951),
(25, 1482),
(25, 1505),
(25, 1507),
(25, 1513),
(25, 1516),
(25, 1528),
(25, 1530),
(25, 1540),
(25, 1544),
(25, 1566),
(25, 1570),
(25, 1602),
(25, 1604),
(25, 1610),
(25, 1612),
(25, 1620),
(25, 1638),
(25, 1662),
(25, 1683),
(25, 1695),
(25, 1696),
(25, 1697),
(25, 1704),
(25, 1711),
(25, 1713),
(25, 1715),
(25, 1717),
(25, 1719),
(25, 1721),
(25, 1723),
(25, 1728),
(25, 1742),
(25, 1750),
(25, 1752),
(25, 1764),
(25, NULL),
(25, NULL),
(25, 1777),
(25, 1781),
(25, 1783),
(25, 1792),
(25, 1817),
(25, 1835),
(25, 1840),
(25, 1851),
(25, 1874),
(25, 1882),
(25, 1901),
(25, 1917),
(25, 1920),
(25, 1936),
(25, 1970),
(25, 3101),
(25, 1516),
(26, 1516),
(27, 1518),
(28, 1518),
(28, 1518),
(29, NULL),
(29, NULL),
(29, 1522),
(30, 1526),
(30, 1687),
(30, 1738),
(30, 1796),
(30, 1810),
(30, 1812),
(30, 1878),
(30, 1932),
(30, 1934),
(30, 1938),
(30, 1962),
(31, 1528),
(32, 1528),
(32, 1530),
(32, 1620),
(32, 1917),
(33, 1516),
(33, 1534),
(33, 1622),
(33, 1625),
(33, 1629),
(33, 1631),
(33, 1683),
(33, NULL),
(33, 1773),
(33, 1867),
(35, 6680),
(35, 1968),
(35, 1794),
(35, 1779),
(35, 1740),
(35, 1629),
(35, 1627),
(35, 1563),
(35, 1538),
(34, 1534),
(36, 1548),
(36, 1580),
(36, 1742),
(36, 1779),
(36, 1934),
(37, 1554),
(38, 1555),
(38, 1580),
(38, NULL),
(38, 1606),
(38, 1715),
(38, 1769),
(38, NULL),
(38, 1837),
(38, 1958),
(39, 1557),
(40, NULL),
(40, NULL),
(40, 1522),
(40, 1561),
(41, 1566),
(42, 1532),
(42, 1566),
(42, 1602),
(42, 1914),
(43, 1597),
(43, 1682),
(43, 1872),
(44, 1598),
(44, 1781),
(44, 1948),
(45, 1598),
(45, 1652),
(45, 1821),
(46, NULL),
(46, 1606),
(47, 1633),
(47, 1944),
(47, 1948),
(48, 1612),
(49, 1633),
(50, NULL),
(50, 1636),
(51, 1648),
(51, 1652),
(51, 1779),
(51, 1792),
(51, 1924),
(52, 1472),
(52, 1648),
(52, 1650),
(52, 1711),
(52, 1779),
(52, 1895),
(52, 1897),
(52, 1899),
(52, 1901),
(53, 1682),
(54, 1704),
(54, 1742),
(54, 1860),
(55, 1704),
(55, 1742),
(55, 1843),
(55, 1860),
(55, 3093),
(56, 1711),
(57, 1756),
(58, 1503),
(58, 1756),
(59, 1759),
(60, 1769),
(61, NULL),
(61, NULL),
(61, 1777),
(62, 1463),
(62, 1800),
(63, 1843),
(63, 1854),
(63, 1891),
(64, 1874),
(65, 1769),
(65, 1948),
(65, 1958),
(66, 3093),
(67, 3093),
(68, 3101),
(69, 3101);

-- --------------------------------------------------------

--
-- Structure de la table `oeuvre`
--

CREATE TABLE `oeuvre` (
  `id_oeuvre` int(11) DEFAULT NULL,
  `Titre` varchar(200) DEFAULT NULL,
  `NomCollection` varchar(200) DEFAULT NULL,
  `NomCollectionAng` varchar(200) DEFAULT NULL,
  `Technique` varchar(200) DEFAULT NULL,
  `TechniqueAng` varchar(200) DEFAULT NULL,
  `Dimensions` varchar(200) DEFAULT NULL,
  `Arrondissement` varchar(200) DEFAULT NULL,
  `Batiment` varchar(200) DEFAULT NULL,
  `AdresseCivique` varchar(200) DEFAULT NULL,
  `CoordonneeLatitude` varchar(100) DEFAULT NULL,
  `CoordonneeLongitude` varchar(100) DEFAULT NULL,
  `dateCreation` varchar(255) DEFAULT NULL
) ENGINE=MyISAM DEFAULT CHARSET=utf8;

--
-- Contenu de la table `oeuvre`
--

INSERT INTO `oeuvre` (`id_oeuvre`, `Titre`, `NomCollection`, `NomCollectionAng`, `Technique`, `TechniqueAng`, `Dimensions`, `Arrondissement`, `Batiment`, `AdresseCivique`, `CoordonneeLatitude`, `CoordonneeLongitude`, `dateCreation`) VALUES
(962, 'Source', 'Art public', 'Public art', 'Bronze coulé  boulonné', 'Cast bronze  bolted', '549 x 466 x 466 cm', 'Côte-des-Neiges–Notre-Dame-de-Grâce', 'Centre sportif Notre-Dame-de Grâce', '6445, avenue Monkland, Montréal', '45.4664050', '-73.6316480', '/Date(1291352400000-0500)/'),
(1099, 'Porte de jour', 'Art public', 'Public art', 'Soudé', 'Welded', '298 x 350 x 1070 cm', 'Ville-Marie', NULL, NULL, '45.5120900', '-73.5509790', '/Date(1093492800000-0400)/'),
(1119, 'Regarder les pommetiers', 'Art public', 'Public art', 'Taillé  assemblé', 'Carved  assembled', '294 x 600 x 182', 'Rosemont–La Petite-Patrie', 'Jardin botanique', '4101, rue Sherbrooke Est, Montréal (QC) H1X 2B2', '45.5615850', '-73.5626730', '/Date(1177992000000-0400)/'),
(1127, 'Le malheureux magnifique', 'Art public', 'Public art', 'Assemblé  cimenté  peint', 'Assembled  cemented  painted', '340 x 235 x 310', 'Le Plateau-Mont-Royal', NULL, '385, rue Sherbrooke Est, Montréal, (QC) H2X 3L1', '45.5169070', '-73.5678460', '/Date(85032000000-0400)/'),
(1137, 'Les clochards célestes', 'Art public', 'Public art', 'Assemblé  cimenté  peint', 'Assembled  cemented  painted', '640 x 250 x 420 cm', 'Ville-Marie', NULL, NULL, '45.5168530', '-73.5551530', '/Date(434952000000-0400)/'),
(1151, 'Discours du roi poète', 'Art public', 'Public art', NULL, NULL, '233 X 56 X 63 cm', 'Le Sud-Ouest', NULL, NULL, '45.4723900', '-73.5847040', '/Date(410158800000-0500)/'),
(1157, 'Hommage à Jérôme Le Royer De La Dauversière', 'Art public', 'Public art', NULL, NULL, '84 x 193 x 81', 'Ville-Marie', NULL, NULL, '45.5084930', '-73.5533000', '/Date(915166800000-0500)/'),
(1391, 'Obélisque oblique', 'Art public', 'Public art', 'Pliées  soudées  boulonnées', 'Bends  welded  bolted', '546 x 160 x 190', 'Ville-Marie', 'Casino de Montréal', '1 Avenue du Casino, Montréal, QC H3C 4W7', '45.5060460', '-73.5267060', '/Date(-94676400000-0500)/'),
(1393, 'La source', 'Art public', 'Public art', 'Taillé', 'Carved', NULL, 'Rosemont–La Petite-Patrie', NULL, NULL, '45.5347520', '-73.6178450', '/Date(913438800000-0500)/'),
(1397, 'Vous êtes ici', 'Intégration à l\'architecture', 'Integration with architecture', NULL, NULL, '3000 x 1000 cm', 'Mercier–Hochelaga-Maisonneuve', 'Maison de la culture Maisonneuve', '4200, rue Ontario Est, Montréal, H1V 1K1', '45.5511830', '-73.5405390', '/Date(1136091600000-0500)/'),
(1399, 'Non titré (Murale en relief et sculpture)', 'Intégration à l\'architecture', 'Integration with architecture', NULL, NULL, NULL, 'Le Plateau-Mont-Royal', 'Centre du Plateau', '2275 boul.St-Joseph Est, Montréal, (Qc) H2H 1G4', '45.5397130', '-73.5761100', '/Date(-252442800000-0500)/'),
(1400, 'Non titré (Vitraux)', 'Intégration à l\'architecture', 'Integration with architecture', NULL, NULL, NULL, 'Ville-Marie', 'Hôtel de Ville de Montréal', '275 Rue Notre-Dame Est, Montréal, QC H2Y 1C6', '45.5088160', '-73.5540690', '/Date(-2903194800000-0500)/'),
(1401, 'Non titré (Vitraux)', 'Intégration à l\'architecture', 'Integration with architecture', NULL, NULL, NULL, 'Le Plateau-Mont-Royal', 'Bibliothèque Mile-End', '5434 Avenue du Parc, Montréal, QC H2V 4G7', '45.5217780', '-73.6015480', '/Date(-2272042800000-0500)/'),
(1402, 'Non titré (Vitraux)', 'Intégration à l\'architecture', 'Integration with architecture', NULL, NULL, NULL, 'Ville-Marie', 'Édifice Gaston-Miron', '1210, rue Sherbrooke Est, Montréal (Québec) H2L 1L9', '45.5227410', '-73.5653310', '/Date(-1672513200000-0500)/'),
(1403, 'Non titré (Vitraux)', 'Intégration à l\'architecture', 'Integration with architecture', NULL, NULL, NULL, 'Le Plateau-Mont-Royal', 'Centre Laurier', '1115 Laurier Est, Montréal', '45.5318140', '-73.5871310', '/Date(-1262286000000-0500)/'),
(NULL, 'Non titré (Murale inuit)', 'Intégration à l\'architecture', 'Integration with architecture', NULL, NULL, NULL, 'Ville-Marie', 'Pavillon de l\'administration, parc Jean-Drapeau', '1 Circuit Gilles Villeneuve Île Notre-Dame, Montréal, Québec, H3C 1A9', '45.5037920', '-73.5293220', '/Date(-94676400000-0500)/'),
(1404, 'Non titré (Murale inuit)', 'Intégration à l\'architecture', 'Integration with architecture', NULL, NULL, NULL, 'Ville-Marie', 'Pavillon de l\'administration, parc Jean-Drapeau', '1 Circuit Gilles Villeneuve Île Notre-Dame, Montréal, Québec, H3C 1A9', '45.5037920', '-73.5293220', '/Date(-94676400000-0500)/'),
(1406, 'Non titré (Murale peinte)', 'Intégration à l\'architecture', 'Integration with architecture', 'Œuvre peinte', 'Painting', NULL, 'Rivière-des-Prairies–Pointe-aux-Trembles', 'Maison Antoine-Beaudry', '14 678 Rue Notre-Dame Est, Montréal, QC H1A 1W1', '45.6766030', '-73.4914230', '/Date(-3786807600000-0500)/'),
(1407, 'Non titré (Fontaine, mosaïque)', 'Intégration à l\'architecture', 'Integration with architecture', NULL, NULL, NULL, 'Le Sud-Ouest', 'Station de pompage centrale (Atwater)', '3161, rue Joseph, Montréal', '45.4723080', '-73.5729440', NULL),
(1414, 'Bibliotheca Universalis', 'Intégration à l\'architecture', 'Integration with architecture', 'Impression', 'Print', NULL, 'Côte-des-Neiges–Notre-Dame-de-Grâce', 'Bibliothèque interculturelle de Côte-des-Neiges', '6767, chemin de la Côte-des-Neiges, Montréal (Québec) H3S 2T6', '45.5031300', '-73.6369470', '/Date(1136091600000-0500)/'),
(1415, 'Chibouki', 'Intégration à l\'architecture', 'Integration with architecture', 'Impression numérique', 'Digital print', '122 x 122cm', 'Côte-des-Neiges–Notre-Dame-de-Grâce', 'Bibliothèque interculturelle de Côte-des-Neiges', '6767, chemin de la Côte-des-Neiges, Montréal, QC, H3T 1Y4', '45.5033020', '-73.6367760', '/Date(1136091600000-0500)/'),
(1416, 'La mort de Dante', 'Art public', 'Public art', 'Coulé', 'Cast', '390 x 250 x 210 cm', 'Rosemont–La Petite-Patrie', NULL, NULL, '45.5344450', '-73.6117210', '/Date(-1514833200000-0500)/'),
(1425, 'Champlain visite de nouveau le site de Montréal en 1611', 'Intégration à l\'architecture', 'Integration with architecture', NULL, NULL, NULL, 'Ville-Marie', 'Chalet du parc du Mont-Royal', '1196 Voie Camillien Houde, Montréal, QC H3H 1A1', '45.5039090', '-73.5874520', NULL),
(1426, 'Monument à Jean Vauquelin', 'Art public', 'Public art', 'Bronze coulé pierre taillée', 'Cast bronze  carved stone', '680cm x 400 cm x 400 cm approximatif', 'Ville-Marie', NULL, NULL, '45.5085880', '-73.5546550', '/Date(-1325530800000-0500)/'),
(1428, 'Smoke and steel', 'Art public', 'Public art', NULL, NULL, '260 x 60 x 90 cm', 'Saint-Léonard', 'Caserne d\'incendie 22', '5455, rue Antonio-Dagenais, Saint-Léonard (Québec) H1S 2X3', '45.5827050', '-73.5857740', NULL),
(1431, 'Le cycliste', 'Art public', 'Public art', 'Soudé  peint', 'Welded, painted', '425 x 140 x 539 cm', 'Verdun', NULL, NULL, '45.4566550', '-73.5427460', '/Date(662619600000-0500)/'),
(1434, 'Contournement', 'Intégration à l\'architecture', 'Integration with architecture', 'Cintré et peinturé', 'Bent and painted', NULL, 'Villeray–Saint-Michel–Parc-Extension', 'Le Taz', '8931 Avenue Papineau, Montreal, QC H2M 2G2', '45.5609420', '-73.6352330', '/Date(1199163600000-0500)/'),
(1441, 'L\'arbre des générations', 'Art public', 'Public art', 'Découpé  soudé  boulonné  peint', 'Cut out  welded  bolted  painted', '385 x 275 x 548 cm', 'Lachine', 'Musée de Lachine', '1, chemin du Musée, Lachine (Québec) H8S 4L9', '45.4306990', '-73.6661130', '/Date(567925200000-0500)/'),
(1443, 'Vire au vent', 'Art public', 'Public art', 'Soudage  boulonnage  peint', 'Welding  bolting  painted', '495 x 610 x 295 cm', 'Lachine', NULL, NULL, '45.4284800', '-73.6824510', '/Date(599547600000-0500)/'),
(1447, 'Sans titre', 'Art public', 'Public art', 'Feuilles d\'acier coupées  soudées les unes aux autres', 'Steel sheets cut  welded to each other', '150 x 150 x 52 cm', 'Rosemont–La Petite-Patrie', 'Jardin botanique', '4101, rue Sherbrooke Est, Montréal, Québec, H1X 2B2', '45.5582180', '-73.5636440', '/Date(-252529200000-0500)/'),
(1450, 'Carte du site de Montréal par Champlain en 1611', 'Intégration à l\'architecture', 'Integration with architecture', NULL, NULL, NULL, 'Ville-Marie', 'Chalet du parc du Mont-Royal', '1196 Voie Camillien Houde, Montréal, QC H3H 1A1', '45.5039860', '-73.5875850', NULL),
(1451, 'Les anciennes possessions françaises en Amérique', 'Intégration à l\'architecture', 'Integration with architecture', NULL, NULL, NULL, 'Ville-Marie', 'Chalet du parc du Mont-Royal', '1196 Voie Camillien Houde, Montréal, QC H3H 1A1', '45.5039690', '-73.5876230', NULL),
(1452, 'Les voyages de Jacques Cartier au Canada en 1534 et 1535', 'Intégration à l\'architecture', 'Integration with architecture', NULL, NULL, NULL, 'Ville-Marie', 'Chalet du parc du Mont-Royal', '1196 Voie Camillien Houde, Montréal, QC H3H 1A1', '45.5039610', '-73.5876570', NULL),
(1454, 'Montréal de 1645 à 1672', 'Intégration à l\'architecture', 'Integration with architecture', NULL, NULL, NULL, 'Ville-Marie', 'Chalet du parc du Mont-Royal', '1196 Voie Camillien Houde, Montréal, QC H3H 1A1', '45.5039450', '-73.5876970', NULL),
(1455, 'Montréal en 1760', 'Intégration à l\'architecture', 'Integration with architecture', NULL, NULL, NULL, 'Ville-Marie', 'Chalet du parc du Mont-Royal', '1196 Voie Camillien Houde, Montréal, QC H3H 1A1', '45.5039180', '-73.5877310', NULL),
(1456, 'Plan d\'Hochelaga par Jacques Cartier en 1535', 'Intégration à l\'architecture', 'Integration with architecture', NULL, NULL, NULL, 'Ville-Marie', 'Chalet du parc du Mont-Royal', '1196 Voie Camillien Houde, Montréal, QC H3H 1A1', '45.5038740', '-73.5877270', NULL),
(NULL, 'Jacques Cartier est reçu par le chef Agouhana', 'Intégration à l\'architecture', 'Integration with architecture', NULL, NULL, NULL, 'Ville-Marie', 'Chalet du parc du Mont-Royal', '1196 Voie Camillien Houde, Montréal, QC H3H 1A1', '45.5038420', '-73.5877070', NULL),
(1457, 'Jacques Cartier est reçu par le chef Agouhana', 'Intégration à l\'architecture', 'Integration with architecture', NULL, NULL, NULL, 'Ville-Marie', 'Chalet du parc du Mont-Royal', '1196 Voie Camillien Houde, Montréal, QC H3H 1A1', '45.5038420', '-73.5877070', NULL),
(1461, 'Parades Parures', 'Intégration à l\'architecture', 'Integration with architecture', NULL, NULL, '574 x 81 x 10 cm', 'Rivière-des-Prairies–Pointe-aux-Trembles', 'Bibliothèque Rivière-des-Prairies', '9001, boulevard Perras, Montréal, Québec H1E 3J7', '45.6498030', '-73.5789610', '/Date(915166800000-0500)/'),
(1463, 'Le village imaginé. «Le renard l\'emporte, le suit à la trace…»', 'Art public', 'Public art', 'Assemblé  soudé', 'Assembled  welded', 'Ensemble de l\'œuvre : 98 x 115 m', 'Le Sud-Ouest', NULL, NULL, '45.4751580', '-73.5588620', '/Date(1118808000000-0400)/'),
(1465, 'Monument à Jean Drapeau', 'Art public', 'Public art', 'Bronze coulé  cire perdue', 'Cast bronze  cire perdue', '287 X 200 x 200 cm', 'Ville-Marie', NULL, NULL, '45.5085300', '-73.5534200', '/Date(978325200000-0500)/'),
(NULL, 'Hommage à Maurice Richard', 'Art public', 'Public art', NULL, NULL, '221 x 327 x 182 cm', 'Mercier–Hochelaga-Maisonneuve', 'Aréna Maurice-Richard', '2800 Rue Viau, Montréal, QC H1V 3J3', '45.5626820', '-73.5469570', NULL),
(1467, 'Hommage à Maurice Richard', 'Art public', 'Public art', NULL, NULL, '221 x 327 x 182 cm', 'Mercier–Hochelaga-Maisonneuve', 'Aréna Maurice-Richard', '2800 Rue Viau, Montréal, QC H1V 3J3', '45.5626820', '-73.5469570', NULL),
(1468, 'La montagne des jours', 'Art public', 'Public art', 'Gravé au jet de sable  poli', 'Sandblast engraving  polished', '153 X 8 cm', 'Ville-Marie', NULL, NULL, '45.5070690', '-73.5900310', '/Date(677476800000-0400)/'),
(1470, 'Mémoire ardente', 'Art public', 'Public art', NULL, NULL, '197 x 197 x 197', 'Ville-Marie', NULL, NULL, '45.5089320', '-73.5510620', '/Date(769147200000-0400)/'),
(1472, 'Les jours d\'été quand le fleuve monte à l\'assaut des murs, hommage à Marie Uguay', 'Intégration à l\'architecture', 'Integration with architecture', 'Mixte', 'Mixed', '86 x 117 x 10 cm', 'Côte-des-Neiges–Notre-Dame-de-Grâce', 'Bibliothèque interculturelle de Côte-des-Neiges', '6767, chemin de la Côte-des-Neiges, Montréal (Québec) H3S 2T6', '45.5031300', '-73.6369470', '/Date(1136091600000-0500)/'),
(1474, 'Monument à sir Wilfrid Laurier', 'Art public', 'Public art', 'Bronze coulé', 'Cast bronze ', '622 x 490 x 106 cm', 'Ville-Marie', NULL, NULL, '45.4994744', '-73.5710610', '/Date(-511905600000-0400)/'),
(1476, 'Monument au frère André', 'Art public', 'Public art', 'Bronze coulé', 'Cast bronze ', '301 x 120 x 50cm', 'Ville-Marie', NULL, NULL, '45.5033090', '-73.5666000', '/Date(536389200000-0500)/'),
(1478, 'Neuf couleurs au vent', 'Art public', 'Public art', 'Soudé  sérigraphié', 'Welded  silkscreened', '1650 x 110 x 2510 cm', 'Le Plateau-Mont-Royal', NULL, NULL, '45.5217090', '-73.5657760', '/Date(473317200000-0500)/'),
(1480, 'Sans titre', 'Art public', 'Public art', 'Taillé  sculpté', 'Carved  sculpted', '244 X 206 cm', 'Ville-Marie', NULL, NULL, '45.4993270', '-73.5946040', '/Date(-169588800000-0400)/'),
(1482, 'Table Ronde', 'Art public', 'Public art', 'Assemblé  soudé', 'Assembled  welded', NULL, 'LaSalle', 'Mairie d\'arrondissement de LaSalle', '55 avenue Dupras', '45.4281340', '-73.6617710', '/Date(473317200000-0500)/'),
(1484, 'Trois disques', 'Art public', 'Public art', 'Découpé  assemblé  boulonné  soudé ', 'Cut out  assembled  screwed  welded', '2130 x 2200 x 1625 cm', 'Ville-Marie', NULL, NULL, '45.5106580', '-73.5368370', '/Date(-85694400000-0400)/'),
(1486, 'Hermès', 'Art public', 'Public art', 'Soudé  peint  boulonné', 'Welded  painted  bolted', '320 x 370 x 570 cm', 'Lachine', NULL, NULL, '45.4287520', '-73.6834350', '/Date(536389200000-0500)/'),
(1488, 'Sans titre', 'Art public', 'Public art', 'Sculpté', 'Sculpted', '412cm x 107cm', 'Ville-Marie', NULL, NULL, '45.5000360', '-73.5949960', '/Date(-169588800000-0400)/'),
(1490, 'Non titré', 'Art public', 'Public art', 'Soudés  peints', 'Welded, painted', '700 x 82.5 x 82.5 cm', 'Ville-Marie', NULL, 'Rue Beaudry', '45.5190700', '-73.5560710', '/Date(378622800000-0500)/'),
(1492, 'Trilogie', 'Art public', 'Public art', 'Soudé  peint', 'Welded, painted', '380 x 366 x 366 cm', 'Lachine', 'Musée de Lachine', '1, chemin du Musée, Lachine (Québec) H8S 4L9', '45.4301060', '-73.6667570', '/Date(504853200000-0500)/'),
(1494, 'Communion', 'Art public', 'Public art', 'Soudé  peint', 'Welded, painted', '335 x 427 x 853cm', 'LaSalle', NULL, NULL, '45.4239580', '-73.5985740', '/Date(645422400000-0400)/'),
(1497, 'Non titré (mosaïque en céramique)', 'Intégration à l\'architecture', 'Integration with architecture', 'Peint  assemblé', 'painted  assembled', '381 x 554 cm', 'Le Sud-Ouest', 'Centre récréatif Gadbois', '5485, chemin de la Côte-Saint-Paul, Montréal (Québec) H4C 1X3', '45.4664250', '-73.5958110', NULL),
(1498, 'Monument à Giovanni Caboto', 'Art public', 'Public art', 'Bronze coulé  cire perdue', 'Cast bronze  cire perdue', '875 x 800 x 800', 'Ville-Marie', NULL, NULL, '45.4894900', '-73.5836520', '/Date(-1220472000000-0400)/'),
(1500, 'Non titré ', 'Intégration à l\'architecture', 'Integration with architecture', 'Moulage', 'Casting', '(2) 165 x 245 x 137 cm ', 'Ville-Marie', NULL, '130, chemin du Tour-de-l\'Isle', '45.5128320', '-73.5345730', '/Date(-568062000000-0500)/'),
(1501, 'La femme-fontaine', 'Art public', 'Public art', 'Taille directe', 'Direct carving', '183,50 x 57,50 x 40,70 cm', 'Verdun', 'Centre culturel de Verdun', '5955 Bannantyne, Verdun, Québec, H4H 1H6', '45.4483990', '-73.5776210', '/Date(-94676400000-0500)/'),
(1503, 'Envol d\'oiseaux', 'Intégration à l\'architecture', 'Integration with architecture', 'Découpé  assemblé', 'Cut out  assembled', '400 x 65 cm', 'Villeray–Saint-Michel–Parc-Extension', 'Bibliothèque Le Prévost', '7355 Avenue Christophe-Colomb, Montréal, QC H2R 2S5', '45.5437740', '-73.6144800', '/Date(441694800000-0500)/'),
(1505, 'Gratte-ciel, cascades d\'eau / rues, ruisseau… une construction', 'Art public', 'Public art', 'Multiple', 'Multiple', '1700 x 7500 x 5000 cm', 'Ville-Marie', NULL, NULL, '45.5154490', '-73.5600280', '/Date(708321600000-0400)/'),
(1507, 'Le carrousel sauvage', 'Art public', 'Public art', 'Taillé  assemblé', 'Carved  assembled', '315 x 1828 cm', 'Ville-Marie', NULL, NULL, '45.5011690', '-73.5940400', '/Date(-172180800000-0400)/'),
(1510, 'Décor', 'Art public', 'Public art', 'Soudé  peint', 'Welded, painted', '134 x 65 x 97 cm', 'Lachine', 'Musée de Lachine', '1, chemin du Musée, Lachine (Québec) H8S 4L9', '45.4298750', '-73.6664090', '/Date(-126298800000-0500)/'),
(1512, 'L\'eau et la nourriture', 'Intégration à l\'architecture', 'Integration with architecture', 'Aluchromie', NULL, ' 274,5 x 812 cm', 'LaSalle', 'Usine de filtration Charles-J. des Baillets', '8585, Boulevard De La Vérendrye, LaSalle, Québec, H8N 2K2', '45.4250530', '-73.6190430', '/Date(220942800000-0500)/'),
(1513, 'Le mélomane', 'Art public', 'Public art', NULL, NULL, NULL, 'Villeray–Saint-Michel–Parc-Extension', NULL, NULL, '45.5622000', '-73.6008520', '/Date(1310702400000-0400)/'),
(1514, 'Mélangez le Tout', 'Art public', 'Public art', 'Découpe au laser  assemblage  peinture électrostatique (banc).', 'Laser cutting  assemblage  electrostatic painting (bench)', '580 x 365 cm', 'Ville-Marie', 'Centre Jean-Claude-Malépart', '2633 Ontario Est, Montréal, QC H2K 1W8', '45.5343400', '-73.5527330', '/Date(1320120000000-0400)/'),
(1516, 'Caesura', 'Art public', 'Public art', 'Bronze coulé  soudure  béton coulé  taille  polissage.', 'Cast bronze  welding  poured concrete  dressing  polishing.', '500 x 1100 x 1450 cm', 'Villeray–Saint-Michel–Parc-Extension', NULL, NULL, '45.5375120', '-73.6280200', '/Date(686289600000-0400)/'),
(1518, 'Theatre for Sky Blocks', 'Art public', 'Public art', 'Soudure  sérigraphie  peinture  coupage', 'Welding  silkscreening  paint  cutting', '300 x 250 x 1000 cm', 'Lachine', NULL, NULL, '45.4338930', '-73.6967500', '/Date(725778000000-0500)/'),
(1520, 'Les graminées du jardin Saint-Sulpice', 'Art public', 'Public art', 'Coupé  soudé', 'Cut  welded', '244 x 1000', 'Ahuntsic-Cartierville', NULL, '9355, avenue de Galilée', '45.5593480', '-73.6416080', '/Date(1168318800000-0500)/'),
(NULL, 'Give Peace a Chance', 'Art public', 'Public art', 'Pierre taillée', 'Carved stone', '2300 x 640 cm', 'Ville-Marie', NULL, NULL, '45.5050070', '-73.5838200', '/Date(1230786000000-0500)/'),
(NULL, 'Give Peace a Chance', 'Art public', 'Public art', 'Pierre taillée', 'Carved stone', '2300 x 640 cm', 'Ville-Marie', NULL, NULL, '45.5050070', '-73.5838200', '/Date(1230786000000-0500)/'),
(1522, 'Give Peace a Chance', 'Art public', 'Public art', 'Pierre taillée', 'Carved stone', '2300 x 640 cm', 'Ville-Marie', NULL, NULL, '45.5050070', '-73.5838200', '/Date(1230786000000-0500)/'),
(1524, 'Monument au frère Marie-Victorin', 'Art public', 'Public art', 'Bronze coulé', 'Cast bronze ', '295  x 140  x 140 cm', 'Rosemont–La Petite-Patrie', 'Jardin botanique', '4101, rue Sherbrooke Est, Montréal, Québec, H1X 2B2', '45.5572810', '-73.5559030', '/Date(-568148400000-0500)/'),
(1526, 'Le lion de La Feuillée', 'Art public', 'Public art', 'Coulée industriel', 'Casting industrial ', '210 x 230 x 400 cm', 'Rosemont–La Petite-Patrie', 'Jardin botanique', '4101, rue Sherbrooke Est, Montréal, Québec, H1X 2B2', '45.5587960', '-73.5556370', '/Date(-4354974000000-0500)/'),
(1528, 'Agora', 'Art public', 'Public art', 'Moulage  assemblage', 'Moulding: assembly', '762 x 762 x 762 cm', 'Ville-Marie', NULL, NULL, '45.5120750', '-73.5548190', '/Date(410245200000-0500)/'),
(1530, 'Mastodo', 'Art public', 'Public art', 'Moulage  assemblage', 'Moulding  assembly', '420 x 580 x 610 cm', 'Ville-Marie', NULL, NULL, '45.5118000', '-73.5546810', '/Date(454910400000-0400)/'),
(1532, 'Cailloudo', 'Art public', 'Public art', 'Coulé  assemblé', 'Cast  assembled', '132 x 425 x 760 cm', 'Saint-Laurent', 'Bibliothèque de Saint-Laurent', '1380, rue de l\'Église, Montréal (QC) H4L 2H2', '45.5124570', '-73.6767990', '/Date(631170000000-0500)/'),
(1534, 'Hommage à Claude Jutra', 'Art public', 'Public art', 'Assemblé  soudé  découpé  taillé  collé', 'Assembled  welded  cut out  carved  glued', '250 x 75 x 70 cm', 'Le Plateau-Mont-Royal', NULL, NULL, '45.5132400', '-73.5729450', '/Date(852094800000-0500)/'),
(1536, 'La ville imaginaire', 'Art public', 'Public art', 'Taillé  assemblé', 'Carved  assembled', '1900 x 1800 x 2750 cm', 'Ville-Marie', NULL, NULL, '45.5126970', '-73.5377140', '/Date(852094800000-0500)/'),
(1538, 'Révolutions', 'Art public', 'Public art', NULL, NULL, '850 x 500 cm', 'Ville-Marie', NULL, NULL, '45.5239850', '-73.5527310', '/Date(1041397200000-0500)/'),
(1540, 'L\'arc', 'Art public', 'Public art', NULL, NULL, '305 x 470 x 125', 'Ville-Marie', NULL, NULL, '45.5058550', '-73.5277410', '/Date(1251777600000-0400)/'),
(1542, 'Buste du Dr. José P. Rizal', 'Art public', 'Public art', 'Fonte à la cire perdue', 'Iron cast in the cire perdue method', '238 x 148 x 135 cm', 'Côte-des-Neiges–Notre-Dame-de-Grâce', NULL, NULL, '45.4910140', '-73.6340790', '/Date(915166800000-0500)/'),
(1544, 'Monument à Christophe Colomb', 'Art public', 'Public art', 'Bronze coulé', 'Cast bronze ', '272 x 116 x 94 cm', 'Villeray–Saint-Michel–Parc-Extension', NULL, NULL, '45.5451140', '-73.6101940', '/Date(212212800000-0400)/'),
(NULL, 'Cosmos', 'Intégration à l\'architecture', 'Integration with architecture', 'Collage  peinture', 'Collage  painting ', '185 x 677 x 5 cm', 'Rivière-des-Prairies–Pointe-aux-Trembles', 'Bibliothèque de Pointe-aux-Trembles', '14001 Rue Notre-Dame Est, Montréal, QC H1A 1T9', '45.6681310', '-73.4946210', '/Date(-126212400000-0500)/'),
(NULL, 'Cosmos', 'Intégration à l\'architecture', 'Integration with architecture', 'Collage  peinture', 'Collage  painting ', '185 x 677 x 5 cm', 'Rivière-des-Prairies–Pointe-aux-Trembles', 'Bibliothèque de Pointe-aux-Trembles', '14001 Rue Notre-Dame Est, Montréal, QC H1A 1T9', '45.6681310', '-73.4946210', '/Date(-126212400000-0500)/'),
(1546, 'Cosmos', 'Intégration à l\'architecture', 'Integration with architecture', 'Collage  peinture', 'Collage  painting ', '185 x 677 x 5 cm', 'Rivière-des-Prairies–Pointe-aux-Trembles', 'Bibliothèque de Pointe-aux-Trembles', '14001 Rue Notre-Dame Est, Montréal, QC H1A 1T9', '45.6681310', '-73.4946210', '/Date(-126212400000-0500)/'),
(1548, 'Obélisque en hommage à Charles de Gaulle', 'Art public', 'Public art', NULL, NULL, '1780 x 240 x 270 cm', 'Le Plateau-Mont-Royal', NULL, NULL, '45.5261070', '-73.5647590', '/Date(707371200000-0400)/'),
(1550, 'China Wall', 'Art public', 'Public art', 'Soudé', 'Welded', '225 x 177 x 489 cm', 'Lachine', NULL, NULL, '45.4285620', '-73.6816820', '/Date(599547600000-0500)/'),
(1553, 'Maisonneuve fonde Montréal le 18 mai 1642', 'Intégration à l\'architecture', 'Integration with architecture', NULL, NULL, NULL, 'Ville-Marie', 'Chalet du parc du Mont-Royal', '1196 Voie Camillien Houde, Montréal, QC H3H 1A1', '45.5038190', '-73.5876410', NULL),
(1554, 'Portail avec bas-reliefs', 'Intégration à l\'architecture', 'Integration with architecture', 'Fondu  vitrifié  peint  coupé  assemblé', 'Melted  vitrified  painted  cut  assembled', '520 X 520 cm', 'Ville-Marie', 'Chapelle historique du Bon-Pasteur', '100, rue Sherbrooke Est, Montréal (Québec)  H2X 1C3', '45.5134270', '-73.5468860', '/Date(536475600000-0500)/'),
(1555, 'Place du Temple', 'Art public', 'Public art', 'Coulé  peint', 'Cast  painted', '500 x 1800 x 6700 cm', 'LaSalle', NULL, NULL, '45.4236200', '-73.6249150', '/Date(644212800000-0400)/'),
(1557, 'Fontaine de vie', 'Art public', 'Public art', 'Sculpté', 'Sculpted', '370 x 550 cm', 'Lachine', NULL, '1800, boul Saint-Joseph, Lachine, QC H8S 2N4', '45.4331620', '-73.6812580', '/Date(252392400000-0500)/'),
(1559, 'Buste de Simon Bolivar', 'Art public', 'Public art', NULL, NULL, '248.5 x 99.5 x 48', 'Ville-Marie', NULL, NULL, '45.4894860', '-73.5809190', '/Date(662706000000-0500)/'),
(1561, 'Albarello', 'Art public', 'Public art', 'Soudé  assemblé', 'Welded  assembled', '340 x 290 cm', 'Lachine', 'Musée de Lachine', '1, chemin du Musée, Lachine (Québec) H8S 4L9', '45.4299400', '-73.6668440', '/Date(757400400000-0500)/'),
(1563, 'À la croisée des mots', 'Art public', 'Public art', 'Feuilles d\'aluminium anodisé  découpées  soudées', 'Anodized aluminum sheets  cut out  welded', '732 x 300 cm', 'Le Sud-Ouest', 'Centre Georges-Vanier', '2450 Rue Workman\r\nMontréal, Qc', '45.4837970', '-73.5751050', '/Date(1072933200000-0500)/'),
(1565, 'Mots choisis', 'Intégration à l\'architecture', 'Integration with architecture', 'Gravé  assemblé', 'Engraved  assembled', NULL, 'Rivière-des-Prairies–Pointe-aux-Trembles', 'Bibliothèque de Pointe-aux-Trembles', '14001 Rue Notre-Dame Est, Montréal, QC H1A 1T9', '45.6681310', '-73.4946210', '/Date(1136091600000-0500)/'),
(1566, 'Hommage aux forces vitales du Québec', 'Art public', 'Public art', 'Techniques multiples', 'Multiple techniques ', '366 x 3800 x 1600 cm', 'LaSalle', NULL, NULL, '45.4200520', '-73.6033720', '/Date(567925200000-0500)/'),
(1568, 'Monument aux braves de N.D.G.', 'Art public', 'Public art', 'Bronze moulé', 'Cast bronze ', '400 x 318 cm', 'Côte-des-Neiges–Notre-Dame-de-Grâce', NULL, NULL, '45.4724990', '-73.6137260', '/Date(-1577991600000-0500)/'),
(1570, 'Optimax', 'Art public', 'Public art', 'Taille directe', 'Direct carving', '292 x 246 x 1250 cm', 'Ville-Marie', NULL, NULL, '45.5009110', '-73.5932880', '/Date(-169588800000-0400)/'),
(1571, 'Jacques Cartier sur le sommet du mont Royal', 'Intégration à l\'architecture', 'Integration with architecture', NULL, NULL, NULL, 'Ville-Marie', 'Chalet du parc du Mont-Royal', '1196 Voie Camillien Houde, Montréal, QC H3H 1A1', '45.5038430', '-73.5875760', NULL),
(1573, 'Non titré', 'Intégration à l\'architecture', 'Integration with architecture', 'Contre-collé sur bois et laminé', NULL, '67 x 101.5 x 3 cm', 'Lachine', 'Bibliothèque Saint-Pierre', '183, rue des Érables, Lachine (Québec) H8R 1B1', '45.4456920', '-73.6513310', NULL),
(1577, 'Les baigneurs', 'Intégration à l\'architecture', 'Integration with architecture', NULL, NULL, NULL, 'Le Sud-Ouest', 'Centre récréatif Gadbois', '5485, chemin de la Côte-Saint-Paul, Montréal (Québec) H4C 1X3', '45.4663390', '-73.5956150', NULL),
(1578, 'Les baigneurs', 'Intégration à l\'architecture', 'Integration with architecture', 'Taille directe', 'Direct carving', '(2) 165 x 555 x 15', 'Mercier–Hochelaga-Maisonneuve', 'Aréna Maurice-Richard', '2800 Rue Viau, Montréal, QC H1V 3J3', '45.5624640', '-73.5473040', NULL),
(1579, 'L\'eau et la santé', 'Intégration à l\'architecture', 'Integration with architecture', 'Aluchromie', NULL, ' 274,5 x 812 cm', 'LaSalle', 'Usine de filtration Charles-J. des Baillets', '8585, Boulevard De La Vérendrye, LaSalle, Québec, H8N 2K2', '45.4250530', '-73.6190430', '/Date(220942800000-0500)/'),
(1580, 'Une leçon d\'histoire', 'Intégration à l\'architecture', 'Integration with architecture', 'Coulé  taillé  moulé  patiné  collé  pulvérisé', 'Cast  carved  burnished  glued  sprayed', NULL, 'Ville-Marie', 'Bibliothèque Frontenac', '2550 Rue Ontario Est, Montréal, QC H2K 1W7', '45.5330420', '-73.5518580', '/Date(504939600000-0500)/'),
(1581, 'Delos, septième porte de la perfection et de l\'immortalité, Convoi III', 'Art public', 'Public art', NULL, NULL, NULL, 'Le Plateau-Mont-Royal', NULL, NULL, '45.5344960', '-73.5622380', '/Date(1136091600000-0500)/'),
(1583, 'Champlain explore le site de Montréal en 1603', 'Intégration à l\'architecture', 'Integration with architecture', NULL, NULL, NULL, 'Ville-Marie', 'Chalet du parc du Mont-Royal', '1196 Voie Camillien Houde, Montréal, QC H3H 1A1', '45.5038770', '-73.5874920', NULL),
(1595, 'Nous deux', 'Art public', 'Public art', 'Découpé  soudé  meulé  boulonné  peint', 'Cut out  welded  buffed  bolted  painted', '244 x 142 x 161', 'Lachine', 'Musée de Lachine', '1, chemin du Musée, Lachine (Québec) H8S', '45.4299830', '-73.6669890', '/Date(94626000000-0500)/'),
(1597, 'Colonne', 'Intégration à l\'architecture', 'Integration with architecture', 'Taille directe  assemblé', 'Direct carving  assembled', '700 x 124,5 cm', 'Le Plateau-Mont-Royal', 'Centre des arts contemporains du Québec à Montréal', '4247, rue Saint-Dominique, Montréal, Québec H2W 2A9', '45.5189920', '-73.5819930', '/Date(473403600000-0500)/'),
(1598, 'États de choc', 'Art public', 'Public art', 'Soudé  formé  coulé  briqueté  peint', 'Welded  shaped  poured  briquetted  painted', '15.51m', 'Lachine', NULL, NULL, '45.4384290', '-73.7182090', '/Date(504853200000-0500)/'),
(1600, 'La ville blanche', 'Art public', 'Public art', 'Découpé  soudé  boulonné  percé  coulé', 'Cut out  welded  bolted  pierced  cast', '650 x 2400', 'Lachine', NULL, NULL, '45.4284480', '-73.6803500', '/Date(504939600000-0500)/'),
(1602, 'Espace cubique ou hommage à Malevitch', 'Art public', 'Public art', 'Taillé  coupé  soudé  assemblé', 'Carved  cut  welded  assembled', '254 x 224 x 225 cm', 'Lachine', 'Musée de Lachine', '1, chemin du Musée, Lachine (Québec) H8S 4L9', '45.4299010', '-73.6665790', '/Date(710654400000-0400)/'),
(1604, 'Cube géométrique', 'Art public', 'Public art', NULL, NULL, '500 x 390 x 390 cm', 'Saint-Laurent', NULL, '2105, rue Beauzèle,\r\nSaint-Laurent (Montréal)\r\nQuébec', '45.5230120', '-73.7210100', '/Date(252478800000-0500)/'),
(NULL, 'Le jardin de Lyon', 'Art public', 'Public art', NULL, NULL, NULL, 'Ville-Marie', NULL, NULL, '45.5124700', '-73.5554610', '/Date(978238800000-0500)/'),
(1606, 'Le jardin de Lyon', 'Art public', 'Public art', NULL, NULL, NULL, 'Ville-Marie', NULL, NULL, '45.5124700', '-73.5554610', '/Date(978238800000-0500)/'),
(1610, 'Orbite optique no 2', 'Art public', 'Public art', 'Béton projeté', 'Projected concrete', '800 cm x 1230 cm', 'Ville-Marie', NULL, NULL, '45.5225070', '-73.5346490', '/Date(-84312000000-0400)/'),
(1612, 'Fontaine', 'Art public', 'Public art', NULL, NULL, '450 x 1450 x 1195 cm', 'Ville-Marie', NULL, NULL, '45.5139580', '-73.5529210', '/Date(457416000000-0400)/'),
(1616, 'Athéna', 'Art public', 'Public art', 'Fonte à la cire perdue', 'Iron cast in the cire perdue method', '310 x 100 x 100 cm', 'Villeray–Saint-Michel–Parc-Extension', NULL, NULL, '45.5277400', '-73.6242820', '/Date(881902800000-0500)/'),
(1618, 'Hommage à Mihai Eminescu, poète roumain', 'Art public', 'Public art', 'Bronze coulé', 'Cast bronze ', '243 x 149 cm', 'Le Plateau-Mont-Royal', NULL, NULL, '45.5147960', '-73.5764590', '/Date(1116475200000-0400)/'),
(1620, 'Trait d\'union', 'Art public', 'Public art', 'Ancré  boulonné  collé', 'Anchored  bolted  glued', '265 x 275 x 1800 cm', 'Saint-Léonard', 'Bibliothèque Saint-Léonard', '8400, boulevard Lacordaire\r\nSaint-Léonard (Québec)\r\nH1R 3B1', '45.5864720', '-73.5971390', '/Date(473317200000-0500)/'),
(1622, 'Les leçons singulières (volet 1)', 'Art public', 'Public art', 'Coulé  découpé  formé', 'Cast  cut out  shaped', '97 x 2000 x 1000 cm', 'Le Plateau-Mont-Royal', NULL, NULL, '45.5215800', '-73.5704560', '/Date(654753600000-0400)/'),
(1625, 'Les leçons singulières (volet 2)', 'Art public', 'Public art', 'Coulé  découpé  formé', 'Cast  cut out  shaped', '96 x 1800 x 1120 cm', 'Le Plateau-Mont-Royal', NULL, NULL, '45.5234170', '-73.5685570', '/Date(673070400000-0400)/'),
(1627, 'Détour : le grand jardin', 'Art public', 'Public art', 'Soudé  boulonné  percé  peint', 'Welded  bolted  pierced  painted', '500 x 1865 x 2109 cm', 'Lachine', NULL, NULL, '45.4283730', '-73.6811150', '/Date(757400400000-0500)/'),
(1629, 'Le carrousel de l’île', 'Art public', 'Public art', NULL, NULL, '470 x 1500 cm', 'Verdun', NULL, NULL, '45.4658110', '-73.5447780', '/Date(1104555600000-0500)/'),
(1631, 'Un jardin à soi', 'Art public', 'Public art', 'Découpé  assemblé', 'Cut out  assembled', '101.5 x 157 x 203 cm', 'Rosemont–La Petite-Patrie', 'Jardin botanique', '4101, rue Sherbrooke Est, Montréal, Québec, H1X 2B2', '45.5609560', '-73.5658220', '/Date(1262322000000-0500)/'),
(1633, 'Monument pour L', 'Art public', 'Public art', 'Coulé  soudé  peint', 'Cast  welded  painted', '111 x 4000 x 1500 cm', 'Lachine', NULL, NULL, '45.4347600', '-73.6998920', '/Date(710654400000-0400)/'),
(1635, 'Volatiles', 'Intégration à l\'architecture', 'Integration with architecture', 'Découpé  assemblé', 'Cut out  assembled', NULL, 'LaSalle', 'Aquadôme-Centre aquatique familiale de LaSalle', '1411 Rue Lapierre, LaSalle, QC H8N 2J4', '45.4366610', '-73.6077680', NULL),
(NULL, 'Nef pour quatorze reines', 'Art public', 'Public art', NULL, NULL, '0.6 x 21 x 113 m', 'Côte-des-Neiges–Notre-Dame-de-Grâce', NULL, NULL, '45.4960420', '-73.6177020', '/Date(915166800000-0500)/'),
(1636, 'Nef pour quatorze reines', 'Art public', 'Public art', NULL, NULL, '0.6 x 21 x 113 m', 'Côte-des-Neiges–Notre-Dame-de-Grâce', NULL, NULL, '45.4960420', '-73.6177020', '/Date(915166800000-0500)/'),
(1638, 'Hommage aux travailleurs', 'Art public', 'Public art', 'Coulé  peint', 'Cast  painted', '600 x 272 x 138 cm', 'Montréal-Nord', NULL, 'Boulevard Henri-Bourassa', '45.6007020', '-73.6384560', '/Date(126162000000-0500)/'),
(1640, 'Le grand Jean-Paul', 'Art public', 'Public art', 'Cire perdue', 'Cire perdue method', '202 x 199.5 x 60.5 cm', 'Ville-Marie', NULL, NULL, '45.5031040', '-73.5606610', '/Date(1046494800000-0500)/'),
(1641, 'Monument à Émile Nelligan', 'Art public', 'Public art', 'Bronze coulé  cire perdue', 'Cast bronze  cire perdue', '271 x 112 x 132 cm', 'Le Plateau-Mont-Royal', NULL, NULL, '45.5162150', '-73.5702840', '/Date(1104555600000-0500)/'),
(1643, 'Songes', 'Intégration à l\'architecture', 'Integration with architecture', NULL, NULL, '282 x 482 x 2,5 cm', 'Montréal-Nord', 'Maison culturelle et communautaire de Montréal-Nord', '12 004, boulevard Rolland, Montréal-Nord (Québec), H1W  3W1', '45.6165400', '-73.6209700', '/Date(1136091600000-0500)/'),
(1644, 'Jacques Cartier atterit à Hochelaga en 1535', 'Intégration à l\'architecture', 'Integration with architecture', NULL, NULL, NULL, 'Ville-Marie', 'Chalet du parc du Mont-Royal', '1196 Voie Camillien Houde, Montréal, QC H3H 1A1', '45.5039070', '-73.5874280', NULL),
(1648, 'Monument à sir Louis-Hippolyte La Fontaine', 'Art public', 'Public art', 'Fonte au sable', 'Sand-cast iron', '700 x 570 x 370cm', 'Le Plateau-Mont-Royal', NULL, NULL, '45.5230170', '-73.5663280', '/Date(-1236366000000-0500)/'),
(1650, 'Monument aux braves d\'Outremont', 'Art public', 'Public art', 'Bronze coulé', 'Cast bronze ', '400 x 600 x 480 cm', 'Outremont', NULL, NULL, '45.5177530', '-73.6041030', '/Date(-1418929200000-0500)/'),
(1652, 'L\'habitation en milieu urbain', 'Intégration à l\'architecture', 'Integration with architecture', 'Modelage', 'Modelling', '251 x 620 x 3,80 cm', 'Le Sud-Ouest', 'Maison de la culture Marie-Uguay', '6052, boulevard Monk, Montréal (Québec) H4E 3H6', '45.4576940', '-73.5955150', '/Date(383806800000-0500)/'),
(1654, 'Monument à Paul de Chomedey, sieur de Maisonneuve', 'Art public', 'Public art', NULL, NULL, '9m de haut', 'Ville-Marie', NULL, NULL, '45.5048000', '-73.5572600', '/Date(-2429809200000-0500)/'),
(1656, 'Monument à Louis-Octave Crémazie', 'Art public', 'Public art', 'Bronze coulé  pierre taillée', 'Cast bronze  carved stone', '300 x 300 x 188 cm', 'Le Plateau-Mont-Royal', NULL, NULL, '45.5173880', '-73.5695810', '/Date(-2004638400000-0400)/'),
(1658, 'Monument à John Young', 'Art public', 'Public art', 'Bronze coulé  pierre taillée', 'Cast bronze, carved stone', '520 x 340 x 670cm', 'Ville-Marie', NULL, NULL, '45.5001120', '-73.5534270', '/Date(-1838059200000-0400)/'),
(1660, 'Monument à Édouard VII', 'Art public', 'Public art', 'Coulé à la cire perdue  assemblé à la romaine à l\'aide de goupilles en bronze.', 'Cast in the cire perdue method  assembled Roman style using bronze pins', '1400cm', 'Ville-Marie', NULL, NULL, '45.5037240', '-73.5685070', '/Date(-1743624000000-0400)/'),
(1662, 'Acier', 'Art public', 'Public art', 'Soudé  coulé', 'Welded  cast', '385 x 700 x 350cm', 'Ville-Marie', NULL, NULL, '45.5043070', '-73.5265350', '/Date(-63226800000-0500)/'),
(1664, 'Le lion de Belfort', 'Art public', 'Public art', 'Sculpté (granite)  coulé (bronze)', 'Sculpted (granite)  cast (bronze)\r\n', '504 x 232 x 421 cm', 'Ville-Marie', NULL, NULL, '45.4997040', '-73.5702730', '/Date(-2303578800000-0500)/'),
(1666, 'Monument aux héros de la guerre des Boers', 'Art public', 'Public art', NULL, NULL, '920 x 2200 x 1600 cm', 'Ville-Marie', NULL, NULL, '45.4996100', '-73.5709670', '/Date(-1975780800000-0400)/'),
(1668, 'Monument à sir George-Étienne Cartier', 'Art public', 'Public art', 'Bronze coulé', 'Cast bronze ', '25 x 30 x 30m', 'Ville-Marie', NULL, NULL, '45.5142310', '-73.5852500', '/Date(-1588017600000-0400)/'),
(1670, 'Départ de La Salle pour aller à la découverte du Mississipi', 'Intégration à l\'architecture', 'Integration with architecture', NULL, NULL, NULL, 'Ville-Marie', 'Chalet du parc du Mont-Royal', '1196 Voie Camillien Houde, Montréal, QC H3H 1A1', '45.5039460', '-73.5873780', NULL),
(NULL, 'Totem Kwakiutl', 'Art public', 'Public art', 'Sculpté', 'Sculpted', '2130 x 95 cm', 'Ville-Marie', NULL, NULL, '45.5049950', '-73.5292840', '/Date(-86900400000-0500)/'),
(1672, 'Totem Kwakiutl', 'Art public', 'Public art', 'Sculpté', 'Sculpted', '2130 x 95 cm', 'Ville-Marie', NULL, NULL, '45.5049950', '-73.5292840', '/Date(-86900400000-0500)/'),
(1674, 'Iris', 'Art public', 'Public art', 'Feuilles d\'aluminium galbées par martelage  soudées entre elles', 'Aluminum sheets shaped by hammering  welded together', NULL, 'Ville-Marie', NULL, NULL, '45.5055320', '-73.5277510', '/Date(-86900400000-0500)/'),
(1676, 'Monument à Émilie Gamelin', 'Art public', 'Public art', 'Bronze coulé  cire perdue', 'Cast bronze  cire perdue', '190 x 122 cm', 'Ville-Marie', NULL, NULL, '45.5148600', '-73.5597070', '/Date(925272000000-0400)/'),
(1679, 'Les allusifs', 'Art public', 'Public art', 'Assemblé  soudé  incrusté  gravé', 'Assembled  welded  inlaid  engraved', 'xx cm x 230 cm x 170 cm', 'Le Sud-Ouest', 'Marché Atwater', '138 Avenue Atwater, Montreal, QC H4C 2H6', '45.4788390', '-73.5753390', '/Date(1041310800000-0500)/'),
(1682, 'Lanka Mata', 'Intégration à l\'architecture', 'Integration with architecture', NULL, NULL, '260 x 524 x 20 cm', 'Le Sud-Ouest', 'Bibliothèque Marie-Uguay', '6052 Boulevard Monk, Montréal, QC H4E 3H6', '45.4577510', '-73.5954860', NULL),
(1683, 'L\'attente', 'Art public', 'Public art', 'Assemblé  soudé  vissé', 'Assembled  welded  screwed', '411 x 258 x 258 cm', 'Ahuntsic-Cartierville', NULL, NULL, '45.5326970', '-73.7258440', '/Date(1249099200000-0400)/'),
(1684, 'La façade', 'Intégration à l\'architecture', 'Integration with architecture', 'Modélisation 3D  frittage laser sélectif', '3D modelling  selective laser sintering', '115 x 235 x 32 cm', 'Ville-Marie', 'Bibliothèque Père-Ambroise', '2093, rue de la Visitation, Montréal, QC, H2L 3C9', '45.5227670', '-73.5626700', '/Date(1314849600000-0400)/'),
(1685, 'La fermière', 'Art public', 'Public art', 'Coulé', 'Cast', '575 x 1900 cm', 'Mercier–Hochelaga-Maisonneuve', NULL, NULL, '45.5535610', '-73.5396980', '/Date(-1733166000000-0500)/'),
(1687, 'Les petits baigneurs', 'Art public', 'Public art', 'Coulé  assemblé', 'Cast  assembled', '1000 x 400 x 300 cm', 'Mercier–Hochelaga-Maisonneuve', 'Bain Morgan', '1875, avenue Morgan \r\nMontréal (QC) \r\nH1V 2R1', '45.5533590', '-73.5384340', '/Date(-1704135600000-0500)/'),
(1689, 'Monument à Dollard des Ormeaux', 'Art public', 'Public art', 'Coulé', 'Cast', '800 x 925 x 345 cm', 'Le Plateau-Mont-Royal', NULL, NULL, '45.5255940', '-73.5730550', '/Date(-1577905200000-0500)/'),
(1691, 'Monument aux braves de Lachine', 'Art public', 'Public art', 'Coulé  assemblé', 'Cast  assembled', '524 x 900 x 216 cm', 'Lachine', NULL, NULL, '45.4365550', '-73.7067380', '/Date(-1420052400000-0500)/'),
(1692, 'Monument aux Patriotes', 'Art public', 'Public art', 'Fonte au sable', 'Sand-cast iron', '850 x 410 x 370 cm', 'Ville-Marie', NULL, NULL, '45.5234110', '-73.5462120', '/Date(-1373486400000-0400)/'),
(1695, 'Signal dans l\'espace', 'Intégration à l\'architecture', 'Integration with architecture', 'Assemblage', 'Assembled', '1370 x 975 x 30 cm', 'LaSalle', 'Bibliothèque l\'Octogone', '1080 Avenue Dollard, Montreal, QC H8N 2T9', '45.4241500', '-73.6233110', '/Date(441781200000-0500)/'),
(1696, 'Temps d\'heures', 'Intégration à l\'architecture', 'Integration with architecture', 'Assemblé  découpé  peint', 'Assembled  cut out  painted', '540 x 1020 x 303 cm', 'Villeray–Saint-Michel–Parc-Extension', 'Centre Jean-Marie Gauvreau', '911, rue Jean-Talon Est, Montréal, H2R 1V5', '45.5413760', '-73.6131770', '/Date(536475600000-0500)/'),
(1697, 'Anamorphose d’une fenêtre', 'Intégration à l\'architecture', 'Integration with architecture', NULL, NULL, NULL, 'Mercier–Hochelaga-Maisonneuve', 'Maison de la culture Mercier', '8105, rue Hochelaga, Montréal, H1L 2K9', '45.5955130', '-73.5237880', NULL),
(1698, 'Monument à John F. Kennedy', 'Art public', 'Public art', 'Bronze moulé', 'Cast bronze', '355 x 100 x 120', 'Ville-Marie', NULL, '2001, avenue McGill College', '45.5033670', '-73.5736890', '/Date(531205200000-0500)/'),
(1700, 'Monument à Joseph Beaubien', 'Art public', 'Public art', 'Bronze coulé', 'Cast bronze ', '249 x 76.5 x 65.5 cm', 'Outremont', NULL, '461 Chemin de la Côte-Sainte-Catherine', '45.5151610', '-73.6078000', '/Date(1041397200000-0500)/'),
(1701, 'Buste du cardinal Paul-Émile Léger', 'Art public', 'Public art', 'Coulé', 'Cast', '168 x 75 x 61,5 cm', 'Ville-Marie', NULL, NULL, '45.5095490', '-73.5613330', '/Date(1167627600000-0500)/'),
(1702, 'Debout', 'Art public', 'Public art', '23 sections de bronze moulées par enrobage et soudées ensemble.', '23 sections of bronze cast by coating and welded together.', '350 cm x 170 cm x 149.5 cm', 'Le Plateau-Mont-Royal', NULL, NULL, '45.5267170', '-73.5710360', '/Date(656222400000-0400)/'),
(1704, 'La porte de l’avenir', 'Art public', 'Public art', 'Empilé  gravé  peint', 'Piled up  engraved  painted', '238 x 201,5 x 42 cm', 'Verdun', 'Centre communautaire Elgar', '260 Rue Elgar, Verdun, QC', '45.4572150', '-73.5470320', '/Date(946702800000-0500)/'),
(1706, 'Deux murales', 'Intégration à l\'architecture', 'Integration with architecture', 'Assemblage', 'Assembled', 'Petite : 218 x 744 cm\r\nGrande : 427 x 881 cm', 'Rosemont–La Petite-Patrie', 'Jardin botanique', '4101, rue Sherbrooke Est, Montréal, Québec, H1X 2B2', '45.5559690', '-73.5571840', '/Date(-441831600000-0500)/'),
(1708, 'Le théâtre de papier', 'Intégration à l\'architecture', 'Integration with architecture', NULL, NULL, '360 x 1250 x 140 cm', 'Rosemont–La Petite-Patrie', 'Bibliothèque La Petite-Patrie', '6707 Avenue de Lorimier, Montréal, QC H2G 2P8', '45.5473600', '-73.5983750', '/Date(536389200000-0500)/'),
(1710, 'Et pourtant elle tourne', 'Intégration à l\'architecture', 'Integration with architecture', NULL, NULL, NULL, 'L’Île-Bizard–Sainte-Geneviève', 'Bibliothèque de l\'Île-Bizard', '500, montée de l\'Église, Montréal, QC, H9C 1G9', '45.4894250', '-73.8825440', '/Date(694242000000-0500)/'),
(1711, 'La réparation', 'Art public', 'Public art', 'Taille', 'Carved', '294 x 2500 cm', 'Ahuntsic-Cartierville', NULL, NULL, '45.5349940', '-73.6799980', '/Date(883630800000-0500)/'),
(1713, 'Temple du troisième millénaire', 'Art public', 'Public art', 'Coulé  découpé  assemblé', 'Cast  cut out  assembled', '475 cm x 380 cm x 75 cm', 'Saint-Laurent', NULL, 'Rue Bertrand', '45.4972860', '-73.6896940', '/Date(662619600000-0500)/'),
(1715, 'Monica', 'Art public', 'Public art', 'Moulé  collé  soudé  boulonné', 'Cast  glued  welded  bolted', '278 x 211 x 200 cm', 'Lachine', NULL, NULL, '45.4324330', '-73.6834430', '/Date(504853200000-0500)/'),
(1717, 'Monument à Jackie Robinson', 'Art public', 'Public art', 'Bronze coulé', 'Cast bronze ', '254 x 203 x 194 cm', 'Mercier–Hochelaga-Maisonneuve', 'Stade olympique', '4545 Pierre-de-Coubertin\r\nMontréal, Québec', '45.5558460', '-73.5510880', '/Date(548222400000-0400)/'),
(1719, 'Joseph-Xavier Perrault', 'Art public', 'Public art', 'Aluminium moulé et fondu  granit poli', 'Cast aluminum  polished granite ', '280 cm x 92 cm x 92 cm', 'Ville-Marie', NULL, '800, rue du Square-Victoria, Montréal, Québec', '45.5011930', '-73.5615720', '/Date(561355200000-0400)/'),
(1721, 'Hommage à Marguerite Bourgeoys', 'Art public', 'Public art', 'Bronze coulé  cire perdue', 'Cast bronze  cire perdue', '178 x 414 cm', 'Ville-Marie', NULL, '85, rue Notre-Dame est', '45.5073730', '-73.5550630', '/Date(568011600000-0500)/'),
(1723, 'Forces', 'Art public', 'Public art', 'Coulé  ancré', 'Cast  anchored', '220 x 370 x 230 cm', 'Côte-des-Neiges–Notre-Dame-de-Grâce', NULL, '6150, avenue Royalmount', '45.4859710', '-73.6749620', '/Date(536389200000-0500)/'),
(1724, 'Monument à Robert Burns', 'Art public', 'Public art', 'Bronze coulé', 'Cast bronze ', '511 x 276 x 276 cm', 'Ville-Marie', NULL, NULL, '45.4994620', '-73.5715710', '/Date(-1262286000000-0500)/'),
(1726, 'Pont d\'Arles en transfert', 'Art public', 'Public art', 'Soudé  boulonné  peint', 'Welded  bolted  painted', '347 x 320 x 900 cm', 'Lachine', 'Musée de Lachine', '1, chemin du Musée, Lachine (Québec) H8S 4L9', '45.4299640', '-73.6661670', '/Date(504853200000-0500)/'),
(1728, 'Signal pour Takis', 'Art public', 'Public art', 'Soudé  boulonné', 'Welded  bolted', '850 x 900 x 2000 cm', 'Lachine', NULL, 'Chemin du canal', '45.4287540', '-73.6827890', '/Date(536389200000-0500)/'),
(1730, 'Lieux sans temple 3', 'Art public', 'Public art', 'Soudé  patiné  oxydé  collé  boulonné', 'Welded  burnished  oxidized  glued  bolted', '229 x 140 x 117.5 cm', 'Lachine', 'Musée de Lachine', '1, chemin du Musée, Lachine (Québec) H8S 4L9', '45.4299240', '-73.6666030', '/Date(567925200000-0500)/'),
(1732, 'Lieux sans temple 4', 'Art public', 'Public art', 'Soudé  patiné  oxydé  collé  boulonné', 'Welded  burnished  oxidized  glued  bolted', '225 x 110 x 131 cm', 'Lachine', 'Musée de Lachine', '1, chemin du Musée, Lachine (Québec) H8S 4L9\r\n', '45.4299230', '-73.6665670', '/Date(567925200000-0500)/'),
(1734, 'Lieux sans temple 5', 'Art public', 'Public art', 'Soudé  patiné  oxydé  collé  boulonné', 'Welded  burnished  oxidized  glued  bolted', '250 x 140,5 x 117,5 cm', 'Lachine', 'Musée de Lachine', '1, chemin du Musée, Lachine (Québec) H8S 4L9', '45.4298820', '-73.6665700', '/Date(567925200000-0500)/'),
(1736, 'Souvenir de 1955 ou 2026 Roberval', 'Art public', 'Public art', 'Découpé  soudé  boulonné  peint', 'Cut out  welded  bolted  painted', '465 x 1017 x 800 cm', 'Lachine', NULL, NULL, '45.4291230', '-73.6818090', '/Date(710654400000-0400)/'),
(1738, 'Fontaine Wallace', 'Art public', 'Public art', 'Moulé  boulonné  peint', 'Cast  bolted  painted', '275 cm x 82 x 82 cm', 'Ville-Marie', NULL, NULL, '45.5054190', '-73.5281200', '/Date(-3061047600000-0500)/'),
(1740, 'Triptyque sur le paysage', 'Art public', 'Public art', NULL, NULL, '200 cm', 'Ahuntsic-Cartierville', NULL, '10897, rue Du Pont', '45.5754430', '-73.6616640', '/Date(883544400000-0500)/'),
(1742, 'Signe solaire', 'Art public', 'Public art', NULL, NULL, '277 x 330 x 106.5 cm', 'Ville-Marie', NULL, NULL, '45.5132470', '-73.5308890', '/Date(-72216000000-0400)/'),
(1744, 'Ashapmouchouan', 'Art public', 'Public art', NULL, NULL, '417 x 245 cm', 'Le Plateau-Mont-Royal', 'Habitations Laurier', '465, rue Gilford\r\nMontréal, Québec', '45.5268610', '-73.5864450', '/Date(-189370800000-0500)/'),
(1745, 'Éclosion', 'Art public', 'Public art', 'Découpé  courbé  soudé  boulonné  peint', 'Cut out  bent  welded  bolted  painted', '258 x 142 x 202 cm', 'Lachine', 'Musée de Lachine', '1, chemin du Musée, Lachine (Québec) H8S 4L9', '45.4301040', '-73.6667610', '/Date(94626000000-0500)/'),
(1748, 'À voile déchirée', 'Art public', 'Public art', NULL, NULL, '469 x 315 x 394 cm', 'Ville-Marie', 'Habitations De Maisonneuve', '2485, boulevard de Maisonneuve est\r\nMontréal, Québec', '45.5301320', '-73.5482580', '/Date(63090000000-0500)/'),
(1750, 'Sublime', 'Art public', 'Public art', NULL, NULL, '762 x 457 cm', 'Le Sud-Ouest', 'Habitations Favard', '2066, rue Favard\r\nMontréal, Québec', '45.4779990', '-73.5562370', '/Date(252478800000-0500)/'),
(1752, 'Évolution de joie', 'Art public', 'Public art', 'Coupé  courbé  soudé', 'Cut  bent  welded', '252.5 x 165 x 335', 'Le Plateau-Mont-Royal', 'Habitations De Mentana', '4110 rue Mentana\r\nMontréal, Québec', '45.5242250', '-73.5744700', '/Date(94712400000-0500)/'),
(1755, 'Sans titre', 'Intégration à l\'architecture', 'Integration with architecture', 'Assemblé', 'Assembled', '211 x 1589 x 348 cm', 'Le Plateau-Mont-Royal', 'Bibliothèque du Plateau-Mont-Royal', '465 Avenue du Mont-Royal Est, Montréal, QC H2J 1W3', '45.5248310', '-73.5823130', '/Date(441781200000-0500)/'),
(1756, 'Colonne stèle', 'Intégration à l\'architecture', 'Integration with architecture', 'Assemblage  inscription', 'Assembled  inscription', '244 x 45,5 x 32 cm', 'Le Plateau-Mont-Royal', 'Bibliothèque du Plateau-Mont-Royal', '465 Avenue du Mont-Royal Est, Montréal, QC H2J 1W3', '45.5248310', '-73.5823130', '/Date(536475600000-0500)/'),
(1757, 'Regard sur le fleuve', 'Art public', 'Public art', 'Découpé  soudé', 'Cut out  welded', '312 x 650 x 20 cm', 'Lachine', NULL, NULL, '45.4356090', '-73.7064100', '/Date(710654400000-0400)/'),
(1759, 'Table des matières de supports du savoir', 'Intégration à l\'architecture', 'Integration with architecture', 'Multiple', 'Multiple', '311 x 863 x 6', 'Villeray–Saint-Michel–Parc-Extension', 'Bibliothèque Parc-Extension', '421, rue Saint-Roch, H3N 1K2', '45.5312550', '-73.6285760', '/Date(1009861200000-0500)/'),
(1762, 'Tango de Montréal', 'Art public', 'Public art', 'Moulage d\'argile crue', 'Moulding of raw clay', '1040 x 1740 cm', 'Le Plateau-Mont-Royal', NULL, '4433-4435-4437, rue Rivard, Place Gérald Godin', '45.5242290', '-73.5814630', '/Date(944974800000-0500)/'),
(1764, 'Les sons de la musique', 'Art public', 'Public art', 'Coulé  moulé', 'Cast  moulded', '246 x 1344 x 108 cm', 'Ville-Marie', NULL, NULL, '45.5070740', '-73.5609270', '/Date(465451200000-0400)/'), 
(1767, 'Cheval à plume', 'Art public', 'Public art', 'Taillé  sculpté  gravé  percé  peint', 'Carved  sculpted  engraved  pierced  painted', '245 x 315 x 210 cm', 'Lachine', NULL, NULL, '45.4279850', '-73.6792420', '/Date(568011600000-0500)/'),
(1769, 'Études pour la figure, Saint-Laurent', 'Art public', 'Public art', 'Taillé  gravé  collé  peint', 'Carved  engraved  glued  painted', '310 x 95 x 95 cm', 'Lachine', NULL, NULL, '45.4337250', '-73.6855290', '/Date(710654400000-0400)/'),
(1771, 'Monument aux braves de Verdun', 'Art public', 'Public art', NULL, NULL, NULL, 'Verdun', 'Hôtel de Ville arrondissement de Verdun', '4555 rue de Verdun', '45.4588820', '-73.5723140', NULL),
(NULL, 'After Babel, a Civic Square', 'Art public', 'Public art', 'Assemblé  soudé  découpé  moulé', 'Assembled  welded  cut out  cast', '450 x 1000 cm', 'Ville-Marie', NULL, NULL, '45.5099630', '-73.5672020', '/Date(746856000000-0400)/'),
(1773, 'After Babel, a Civic Square', 'Art public', 'Public art', 'Assemblé  soudé  découpé  moulé', 'Assembled  welded  cut out  cast', '450 x 1000 cm', 'Ville-Marie', NULL, NULL, '45.5099630', '-73.5672020', '/Date(746856000000-0400)/'),
(1776, 'Les sports', 'Intégration à l\'architecture', 'Integration with architecture', 'Assemblage', 'Assembled', '84 x 2261 x 2,5 cm', 'Mercier–Hochelaga-Maisonneuve', 'Aréna Maurice-Richard', '2800 Rue Viau, Montréal, QC H1V 3J3', '45.5624640', '-73.5473040', '/Date(-315601200000-0500)/'),
(NULL, 'La joie', 'Intégration à l\'architecture', 'Integration with architecture', 'Modelage  peinture', 'Modelling  painting', '254 x 1234,5 x 10', 'Mercier–Hochelaga-Maisonneuve', 'Centre Pierre-Charbonneau', '3000 Rue Viau, Montréal, QC H1V 3J3', '45.5620470', '-73.5500760', '/Date(-315601200000-0500)/'),
(NULL, 'La joie', 'Intégration à l\'architecture', 'Integration with architecture', 'Modelage  peinture', 'Modelling  painting', '254 x 1234,5 x 10', 'Mercier–Hochelaga-Maisonneuve', 'Centre Pierre-Charbonneau', '3000 Rue Viau, Montréal, QC H1V 3J3', '45.5620470', '-73.5500760', '/Date(-315601200000-0500)/'),
(1777, 'La joie', 'Intégration à l\'architecture', 'Integration with architecture', 'Modelage  peinture', 'Modelling  painting', '254 x 1234,5 x 10', 'Mercier–Hochelaga-Maisonneuve', 'Centre Pierre-Charbonneau', '3000 Rue Viau, Montréal, QC H1V 3J3', '45.5620470', '-73.5500760', '/Date(-315601200000-0500)/'),
(1779, 'La peur', 'Art public', 'Public art', 'Peint  soudé  assemblé', 'Painted  welded  assembled', '365 x 121 x 320cm', 'Ville-Marie', NULL, NULL, '45.5013610', '-73.5552190', '/Date(755672400000-0500)/'),
(1781, 'Monument à la Pointe', 'Art public', 'Public art', NULL, NULL, '1400 x 400 cm', 'Le Sud-Ouest', NULL, NULL, '45.4760150', '-73.5734490', '/Date(1002945600000-0400)/'),
(1783, 'Daleth', 'Art public', 'Public art', 'Coulé  gravé  découpé  collé  assemblé', 'Cast  engraved  cut out  glued  assembled', '350 x 6200 cm', 'Ahuntsic-Cartierville', NULL, NULL, '45.5345060', '-73.6784360', '/Date(1272686400000-0400)/'),
(1784, 'Trajectoire no 2', 'Art public', 'Public art', 'Soudé  peint  patiné  boulonné', 'Welded  painted  burnished  bolted', '195 cm x 103 cm x 276 cm', 'Lachine', 'Musée de Lachine', '1, chemin du Musée, Lachine (Québec) H8S 4L9', '45.4305420', '-73.6668520', '/Date(410158800000-0500)/'),
(1786, 'Trame d’appel', 'Art public', 'Public art', 'Souder  peint  installation par ancrages chimique', 'Welding  painting  installation by chemical anchoring', '400 x 365 x 183 cm', 'L’Île-Bizard–Sainte-Geneviève', 'Pavillon Vincent Lecavalier', '500, montée de l\'Église, Montréal', '45.4875390', '-73.8834360', '/Date(649396800000-0400)/'),
(1788, 'La naissance', 'Art public', 'Public art', 'Découpé  soudé', 'Cut out  welded', '380 X 100 X 140 cm', 'Verdun', 'Centre culturel de Verdun', '5955 Bannantyne, Verdun, Québec, H4H 1H6', '45.4485860', '-73.5776110', '/Date(757314000000-0500)/'),
(1790, 'Le coup de départ', 'Art public', 'Public art', NULL, NULL, '538 X 371 X165 cm', 'Saint-Laurent', NULL, NULL, '45.5054150', '-73.7186340', '/Date(1241150400000-0400)/'),
(1792, 'Monument à Nelson', 'Art public', 'Public art', NULL, NULL, '2055 x 600 x 600 cm', 'Ville-Marie', NULL, NULL, '45.5081860', '-73.5538450', '/Date(-5060952000000-0400)/'),
(1794, 'Site/interlude', 'Art public', 'Public art', 'Découpé  soudé', 'Cut out  welded', '400 x 185 x 8535 cm', 'Lachine', NULL, NULL, '45.4277770', '-73.6769730', '/Date(788850000000-0500)/'),
(1796, 'Non titré (Fontaine  Les chérubins)', 'Art public', 'Public art', 'Coulée', 'Casting', NULL, 'Outremont', NULL, NULL, '45.5178950', '-73.6044640', '/Date(-1356980400000-0500)/'),
(1798, 'La pierre et le feu', 'Art public', 'Public art', 'Découpé  soudé  boulonné  peint', 'Cut out  welded  bolted  painted', '304 x 122 x 400 cm', 'Lachine', NULL, NULL, '45.4289460', '-73.6829770', '/Date(473403600000-0500)/'),
(1800, 'Temps d’arrêt', 'Art public', 'Public art', 'Coupage  assemblage  soudure', 'Cutting  assemblage  welding', '500 x 145 cm', 'Rosemont–La Petite-Patrie', NULL, NULL, '45.5490620', '-73.5926620', '/Date(1159588800000-0400)/'),
(1803, 'L\'eau et le transport', 'Intégration à l\'architecture', 'Integration with architecture', 'aluchromie', NULL, '274.5 x 812 cm', 'LaSalle', 'Usine de filtration Charles-J. des Baillets', '8585, Boulevard De La Vérendrye, LaSalle, Québec, H8N 2K2', '45.4250530', '-73.6190430', '/Date(220942800000-0500)/'),
(1809, 'Courbes et vent', 'Intégration à l\'architecture', 'Integration with architecture', NULL, NULL, NULL, 'Pierrefonds-Roxboro', 'Bibliothèque de Pierrefonds', '13555, boulevard de Pierrefonds', '45.4959370', '-73.8474290', '/Date(631170000000-0500)/'),
(1810, 'Fontaine du square Saint-Louis', 'Art public', 'Public art', NULL, NULL, '457 x 240 cm', 'Le Plateau-Mont-Royal', NULL, NULL, '45.5170410', '-73.5699640', '/Date(-3786894000000-0500)/'),
(1812, 'Sculpture-fontaine, square Sir-George-Étienne-Cartier', 'Art public', 'Public art', NULL, NULL, '650 x 205 cm', 'Le Sud-Ouest', NULL, NULL, '45.4734130', '-73.5863900', NULL),
(1815, 'Du long du long', 'Art public', 'Public art', 'Découpé  soudé  boulonné  peint', 'Cut out  welded  bolted  painted', '120 X 287X 496 cm', 'Lachine', NULL, NULL, '45.4311190', '-73.6734130', '/Date(504853200000-0500)/'),
(1817, 'Les voûtes d\'Ulysse', 'Art public', 'Public art', 'Découpé  soudé  boulonné', 'Cut out  welded  bolted', '110 X 558 X 1226 cm', 'Lachine', NULL, NULL, '45.4289160', '-73.6822270', '/Date(725778000000-0500)/'),
(1819, 'L\'eau et les sports', 'Intégration à l\'architecture', 'Integration with architecture', 'Aluchromie', NULL, ' 274,5 x 812 cm', 'LaSalle', 'Usine de filtration Charles-J. des Baillets', '8585, Boulevard De La Vérendrye, LaSalle, Québec, H8N 2K2', '45.4250530', '-73.6190430', '/Date(284014800000-0500)/'),
(1821, 'From A', 'Art public', 'Public art', NULL, NULL, '170 x 150 x 590 cm', 'Lachine', NULL, NULL, '45.4287430', '-73.6860010', '/Date(536389200000-0500)/'),
(1823, 'Force et progrès', 'Art public', 'Public art', 'Soudé  peint', 'Welded, painted', '255 x 220 x 425 cm', 'Lachine', NULL, NULL, '45.4310310', '-73.6701240', '/Date(504853200000-0500)/'),
(1825, 'Écluses', 'Art public', 'Public art', 'Soudé', 'Welded', '415 x 111 x 135 cm', 'Lachine', NULL, NULL, '45.4282150', '-73.6782370', '/Date(599547600000-0500)/'),
(1827, 'Vitraux', 'Intégration à l\'architecture', 'Integration with architecture', NULL, NULL, NULL, 'Ville-Marie', 'Hôtel de Ville de Montréal', '275 Rue Notre-Dame Est, Montréal, QC H2Y 1C6', '45.5088160', '-73.5540690', '/Date(-1388516400000-0500)/'),
(NULL, 'Jour ou nuit inconnue', 'Intégration à l\'architecture', 'Integration with architecture', 'Sérigraphie', 'Serigraphy', '254 x 685 x 35 cm', 'Rivière-des-Prairies–Pointe-aux-Trembles', 'Maison de la culture Pointe-aux-Trembles', '14001, rue Notre-Dame Est, Montréal, H1A 1T9', '45.6680730', '-73.4947820', '/Date(883630800000-0500)/'),
(1828, 'Jour ou nuit inconnue', 'Intégration à l\'architecture', 'Integration with architecture', 'Sérigraphie', 'Serigraphy', '254 x 685 x 35 cm', 'Rivière-des-Prairies–Pointe-aux-Trembles', 'Maison de la culture Pointe-aux-Trembles', '14001, rue Notre-Dame Est, Montréal, H1A 1T9', '45.6680730', '-73.4947820', '/Date(883630800000-0500)/'),
(NULL, 'Ce qui reste 1997-2001', 'Intégration à l\'architecture', 'Integration with architecture', NULL, NULL, '400 x 234 x 2 cm', 'Ville-Marie', 'Centre d\'histoire de Montréal', '335 Place d\'Youville, Montréal, QC H2Y 3T1', '45.5010790', '-73.5555150', '/Date(996638400000-0400)/'),
(1834, 'Ce qui reste 1997-2001', 'Intégration à l\'architecture', 'Integration with architecture', NULL, NULL, '400 x 234 x 2 cm', 'Ville-Marie', 'Centre d\'histoire de Montréal', '335 Place d\'Youville, Montréal, QC H2Y 3T1', '45.5010790', '-73.5555150', '/Date(996638400000-0400)/'),
(1835, 'Le roi Singe', 'Art public', 'Public art', 'Coulé  assemblé  moulé', 'Cast  assembled  moulded', '550 x 400 x 21 cm', 'Ville-Marie', NULL, NULL, '45.5069070', '-73.5605900', '/Date(465451200000-0400)/'),
(NULL, 'Le spectacle de la curiosité', 'Intégration à l\'architecture', 'Integration with architecture', 'Impression sur papier ilfochrome', 'Print on Ilfochrome paper', '260 x 800 cm', 'Ahuntsic-Cartierville', 'Maison de la culture d\'Ahuntsic - Cartierville', '10 300 rue Lajeunesse, 1er étage, Montréal (Québec), H3L 2E5 ', '45.5533570', '-73.6627430', '/Date(883630800000-0500)/'),
(1837, 'Le spectacle de la curiosité', 'Intégration à l\'architecture', 'Integration with architecture', 'Impression sur papier ilfochrome', 'Print on Ilfochrome paper', '260 x 800 cm', 'Ahuntsic-Cartierville', 'Maison de la culture d\'Ahuntsic - Cartierville', '10 300 rue Lajeunesse, 1er étage, Montréal (Québec), H3L 2E5 ', '45.5533570', '-73.6627430', '/Date(883630800000-0500)/'),
(NULL, 'Espace vert', 'Art public', 'Public art', 'Impressions numériques montées à froid sur support de plexiglas (acrylique).', 'Digital prints cold-mounted on Plexiglas support (acrylic)', '215 x 450 x 36', 'Outremont', 'Centre communautaire intergénérationnel d\'Outremont', '999, avenue McEachran, Montréal (QC) H2V 3E6', '45.5195790', '-73.6192470', '/Date(1136091600000-0500)/'),
(1838, 'Espace vert', 'Art public', 'Public art', 'Impressions numériques montées à froid sur support de plexiglas (acrylique).', 'Digital prints cold-mounted on Plexiglas support (acrylic)', '215 x 450 x 36', 'Outremont', 'Centre communautaire intergénérationnel d\'Outremont', '999, avenue McEachran, Montréal (QC) H2V 3E6', '45.5195790', '-73.6192470', '/Date(1136091600000-0500)/'),
(1839, 'Être +', 'Intégration à l\'architecture', 'Integration with architecture', NULL, NULL, NULL, 'Rosemont–La Petite-Patrie', 'Chalet du parc Étienne Desmarteaux', '3800, rue Beaubien est, Montréal, QC H1X 2T1', '45.5596850', '-73.5815820', NULL),
(1840, 'Monument à Louis Cyr', 'Art public', 'Public art', 'Bronze coulé  cire perdue', 'Cast bronze  cire perdue', '440  x 183  x 180 cm', 'Le Sud-Ouest', NULL, NULL, '45.4753820', '-73.5932250', '/Date(31467600000-0500)/'),
(1842, 'Le serment de Dollard des Ormeaux et de ses compagnons', 'Intégration à l\'architecture', 'Integration with architecture', NULL, NULL, NULL, 'Ville-Marie', 'Chalet du parc du Mont-Royal', '1196 Voie Camillien Houde, Montréal, QC H3H 1A1', '45.5039650', '-73.5873280', NULL),
(1843, 'Monument à Jean-Olivier Chénier', 'Art public', 'Public art', 'Sculpture de cuivre formé  soudure à l\'étain.', 'Shaped copper sculpture  tin soldering', '400 x 100 x 100 cm', 'Ville-Marie', NULL, NULL, '45.5110420', '-73.5549600', '/Date(-2492967600000-0500)/'),
(1851, 'Sans titre', 'Art public', 'Public art', 'Sculpté', 'Sculpted', '348 x 335 x 267 cm', 'Ville-Marie', NULL, NULL, '45.4999940', '-73.5944890', '/Date(-169588800000-0400)/'),
(1853, 'Maisonneuve érige une croix sur la montagne', 'Intégration à l\'architecture', 'Integration with architecture', NULL, NULL, NULL, 'Ville-Marie', 'Chalet du parc du Mont-Royal', '1196 Voie Camillien Houde, Montréal, QC H3H 1A1', '45.5039950', '-73.5872780', NULL),
(1854, 'Monument à Isabelle la Catholique', 'Art public', 'Public art', 'Bronze coulé', 'Cast bronze ', '293 x 152.5 x 107 cm', 'Le Plateau-Mont-Royal', NULL, NULL, '45.5310790', '-73.5860230', '/Date(-354139200000-0400)/'),
(1856, 'Épisode', 'Art public', 'Public art', 'Ciment fondu', 'Aluminous cement ', '184 x 250 x 113 cm', 'Rosemont–La Petite-Patrie', 'Jardin botanique', '4101, rue Sherbrooke Est, Montréal, Québec, H1X 2B2', '45.5604830', '-73.5585570', '/Date(-126212400000-0500)/'),
(1859, 'Continuum 2009 (à la mémoire de Pierre Perrault)', 'Art public', 'Public art', 'Assemblé  soudé', 'Assembled  welded', '305 x 770 x 300 cm', 'Mercier–Hochelaga-Maisonneuve', NULL, NULL, '45.6042490', '-73.5095480', '/Date(1257829200000-0500)/'),
(1860, 'Explorer', 'Art public', 'Public art', 'Soudé  boulonné  découpé  moulé', 'Welded  bolted  cut out  moulded', '484 x 178 x 212 cm', 'Lachine', NULL, NULL, '45.4288900', '-73.6808530', '/Date(788850000000-0500)/'),
(1865, 'Sans titre', 'Art public', 'Public art', 'Sculpté', 'Sculpted', '336 x 117 x 178 cm', 'Ville-Marie', NULL, NULL, '45.5000250', '-73.5940550', '/Date(-169588800000-0400)/'),
(1867, 'Non titré', 'Intégration à l\'architecture', 'Integration with architecture', 'Découpé  assemblé  boulonné', 'Cut out  assembled  screwed', '1 200 x 1 200 x 15 cm', 'Côte-des-Neiges–Notre-Dame-de-Grâce', 'Bibliothèque Côte-des-Neiges', '5290, chemin de la Côte-des-Neiges, Montréal, QC, H3T 1Y2', '45.4960730', '-73.6221160', '/Date(410245200000-0500)/'),
(1871, 'Non titré (Portes)', 'Intégration à l\'architecture', 'Integration with architecture', NULL, NULL, NULL, 'Côte-des-Neiges–Notre-Dame-de-Grâce', 'Maison de la culture Notre-Dame-de-Grâce', '3755, rue Botrel, Montréal, H4A 3G8', '45.4756050', '-73.6145870', '/Date(410245200000-0500)/'),
(1872, 'Le phare d\'Archimède', 'Art public', 'Public art', 'Meulé  cimenté', 'Buffed  cemented', '750 x 1000 x 1050 cm', 'Lachine', NULL, NULL, '45.4291610', '-73.6882050', '/Date(504939600000-0500)/'),
(1874, 'Le déjeuner sur l’herbe', 'Art public', 'Public art', 'Taillé  polissage  tourné  coulé  patiné', 'Carved  polishing    cast  burnished', '300 x 900 x 1308 cm', 'Lachine', NULL, NULL, '45.4284820', '-73.6775760', '/Date(852094800000-0500)/'),
(1876, 'Girafes', 'Art public', 'Public art', 'Assemblé  soudé  peint', 'Assembled  welded  painted', '11,8 x 3 m', 'Ville-Marie', NULL, NULL, '45.5200490', '-73.5320320', '/Date(-109108800000-0400)/'),
(1878, 'Migration', 'Art public', 'Public art', 'Coulé  boulonné', 'Cast  bolted', '465 x 230 x 400 cm', 'Ville-Marie', NULL, NULL, '45.5140750', '-73.5346550', '/Date(-84312000000-0400)/'),
(1880, 'Hommage à René Lévesque', 'Art public', 'Public art', 'Ciment moulé', 'Moulded cement', '518 x 1829 x 457 cm', 'Lachine', NULL, NULL, '45.4287490', '-73.6871240', '/Date(599547600000-0500)/'),
(1882, 'Lieu', 'Art public', 'Public art', 'Moulé  assemblé', 'Cast  assembled', '700 x 914 cm', 'Saint-Laurent', NULL, NULL, '45.5163500', '-73.7253940', '/Date(631170000000-0500)/'),
(1885, 'Les promeneurs', 'Art public', 'Public art', NULL, NULL, '592 x 190 x 812', 'Saint-Laurent', NULL, NULL, '45.5272730', '-73.6868820', '/Date(662619600000-0500)/'),
(1887, 'Trampolino', 'Art public', 'Public art', 'Soudé  assemblé', 'Welded  assembled', '350 x 600', 'Saint-Léonard', 'Centre Léonard de Vinci', '8371, boulevard Lacordaire, Montréal', '45.5857230', '-73.5966440', '/Date(1009774800000-0500)/'),
(1889, 'Dex', 'Art public', 'Public art', 'Assemblé  soudé  percé', 'Assembled  welded  pierced', '148 x 503 x 730 cm', 'Lachine', 'Musée de Lachine', '1, chemin du Musée, Lachine (Québec) H8S 4L9', '45.4304290', '-73.6662290', '/Date(252392400000-0500)/'),
(1891, 'Affinités', 'Art public', 'Public art', 'Assemblé  soudé  martelé  découpé  patiné', 'Assembled  welded  hammered  cut out  burnished', '268 x 160 x 150 cm', 'Ville-Marie', NULL, NULL, '45.4958320', '-73.5961900', '/Date(-63226800000-0500)/'),
(1893, 'Puerta de la Amistad', 'Art public', 'Public art', NULL, NULL, '750 x 120 x 570 cm', 'Ville-Marie', NULL, NULL, '45.5110150', '-73.5333860', '/Date(757314000000-0500)/'),
(1895, 'Monument à Norman Bethune', 'Art public', 'Public art', 'Taille directe', 'Direct carving', '380 x 100 x 100 cm', 'Ville-Marie', NULL, NULL, '45.4959700', '-73.5794600', '/Date(229752000000-0400)/'),
(1897, 'Sans titre', 'Art public', 'Public art', 'Taille directe', 'Direct carving', '274 x 127 x 81 cm', 'Ville-Marie', NULL, NULL, '45.5005000', '-73.5943350', '/Date(-169588800000-0400)/'),
(1899, 'Les sœurs cardinales', 'Art public', 'Public art', 'Taille directe', 'Direct carving', '440 x 360 x 100', 'Ville-Marie', NULL, NULL, '45.4998810', '-73.5948160', '/Date(-169588800000-0400)/'),
(1901, 'L\'ange de pierre', 'Art public', 'Public art', 'Sculpté', 'Sculpted', '208 x 152cm', 'Ville-Marie', NULL, NULL, '45.5004210', '-73.5937590', '/Date(-172180800000-0400)/'),
(NULL, 'Non titré', 'Art public', 'Public art', 'Coulé', 'Cast', '445 x 600 x 600 cm', 'Saint-Léonard', NULL, NULL, '45.5820480', '-73.5824850', '/Date(504939600000-0500)/'),
(1912, 'Non titré', 'Art public', 'Public art', 'Coulé', 'Cast', '445 x 600 x 600 cm', 'Saint-Léonard', NULL, NULL, '45.5820480', '-73.5824850', '/Date(504939600000-0500)/'),
(1913, 'La fondation de Montréal est décidée à Paris', 'Intégration à l\'architecture', 'Integration with architecture', NULL, NULL, NULL, 'Ville-Marie', 'Chalet du parc du Mont-Royal', '1196 Voie Camillien Houde, Montréal, QC H3H 1A1', '45.5040200', '-73.5872380', NULL),
(1914, 'Polaris en lumière', 'Art public', 'Public art', 'Image lumineuse projettée au sol', 'Illuminated image projected on the ground', NULL, 'Ville-Marie', NULL, NULL, '45.5046360', '-73.5571280', '/Date(1354165200000-0500)/'),
(NULL, 'Équinoxe', 'Art public', 'Public art', 'Gravé  incrusté', 'Engraved  inlaid', '248 x 200', 'Ville-Marie', NULL, NULL, '45.5081800', '-73.5512900', '/Date(915080400000-0500)/'),
(1916, 'Équinoxe', 'Art public', 'Public art', 'Gravé  incrusté', 'Engraved  inlaid', '248 x 200', 'Ville-Marie', NULL, NULL, '45.5081800', '-73.5512900', '/Date(915080400000-0500)/'),
(1917, 'Force', 'Art public', 'Public art', NULL, NULL, '330 x 2900 x 4500 cm', 'Ville-Marie', NULL, NULL, '45.5126250', '-73.5538210', '/Date(486446400000-0400)/'),
(NULL, 'Murale céramique', 'Intégration à l\'architecture', 'Integration with architecture', 'Assemblage  peinture', 'Assembly  painting', '213,5 x 1559 cm ', 'Mercier–Hochelaga-Maisonneuve', 'Centre Pierre-Charbonneau', '3000 Rue Viau, Montréal, QC H1V 3J3', '45.5620470', '-73.5500760', '/Date(-315601200000-0500)/'),
(1919, 'Murale céramique', 'Intégration à l\'architecture', 'Integration with architecture', 'Assemblage  peinture', 'Assembly  painting', '213,5 x 1559 cm ', 'Mercier–Hochelaga-Maisonneuve', 'Centre Pierre-Charbonneau', '3000 Rue Viau, Montréal, QC H1V 3J3', '45.5620470', '-73.5500760', '/Date(-315601200000-0500)/'),
(1920, 'Monument à Nicolas Copernic', 'Art public', 'Public art', 'Bronzé coulé', 'Cast bronze ', '452 x 148 cm', 'Mercier–Hochelaga-Maisonneuve', 'Planétarium Rio Tinto Alcan de Montréal', '4801, avenue Pierre-De Coubertin, Montréal  Québec  H1V 3V4', '45.5606410', '-73.5493750', '/Date(-63226800000-0500)/'),
(1923, 'Dollard des Ormeaux meurt à Long-Sault pour sauver la colonie', 'Intégration à l\'architecture', 'Integration with architecture', NULL, NULL, NULL, 'Ville-Marie', 'Chalet du parc du Mont-Royal', '1196 Voie Camillien Houde, Montréal, QC H3H 1A1', '45.5041050', '-73.5872590', NULL),
(1924, 'Buste de José de San Martin', 'Art public', 'Public art', 'Fonte à la cire perdue', 'Iron cast in the cire perdue method', '276 x 105.5 x 95 cm', 'Ville-Marie', NULL, NULL, '45.4893650', '-73.5808910', '/Date(946702800000-0500)/'),
(1926, 'Spatio-mobile #1', 'Art public', 'Public art', 'Soudé, peint', 'Welded, painted', '176 x 135 x 150 cm', 'Lachine', 'Musée de Lachine', '1, chemin du Musée, Lachine (Québec) H8S 4L9', '45.4303170', '-73.6663150', '/Date(-94762800000-0500)/'),
(1928, 'Le phare du Cosmos', 'Art public', 'Public art', 'Taille  soudé', 'Carved  welded', '960 x 280 cm', 'Ville-Marie', NULL, NULL, '45.5093350', '-73.5327050', '/Date(-84312000000-0400)/'),
(1930, 'Parvis et portail #22', 'Art public', 'Public art', 'Soudé  poli', 'Welded  polished', '492 x 575 x 1000 cm', 'Saint-Laurent', NULL, NULL, '45.5160240', '-73.6799060', '/Date(946702800000-0500)/'),
(1932, 'La force', 'Art public', 'Public art', 'Coulé  moulé', 'Cast  moulded', '244 x 533 x 275 cm', 'Ville-Marie', NULL, NULL, '45.5000950', '-73.5955060', '/Date(-169761600000-0400)/'),
(1934, 'La sainte Trinité', 'Art public', 'Public art', 'Moulé  soudé  peint (?)', 'Cast  welded  painted (?)', '130 x 90 x 165', 'Le Plateau-Mont-Royal', NULL, NULL, '45.5176120', '-73.5694110', '/Date(-126298800000-0500)/'),
(1936, 'Rectangle', 'Art public', 'Public art', 'Moulé  sculpté', 'Cast  sculpted', '245 x L:124 x L:85 cm', 'Rosemont–La Petite-Patrie', 'Jardin botanique', '4101, rue Sherbrooke Est, Montréal, Québec, H1X 2B2', '45.5609660', '-73.5645890', '/Date(-126298800000-0500)/'),
(1938, 'Sans titre', 'Art public', 'Public art', 'Coulé  peint', 'Cast  painted', '97 x 167 x 183 cm', 'Le Plateau-Mont-Royal', NULL, NULL, '45.5174210', '-73.5692950', '/Date(94626000000-0500)/'),
(1940, 'Justice et paix', 'Art public', 'Public art', 'Taillé  sculpté  gravé  peint', 'Carved  sculpted  engraved  painted', '360 x 300 x 570 cm', 'Saint-Léonard', NULL, NULL, '45.5865780', '-73.5951430', '/Date(504939600000-0500)/'),
(1942, 'L\'argoulet', 'Art public', 'Public art', 'Sculpté  taillé  poli  assemblé', 'Sculpted  carved  polished  assembled', '550 x 130 x 242', 'Verdun', NULL, NULL, '45.4725250', '-73.5704810', '/Date(504853200000-0500)/'),
(1944, 'Les cariatides', 'Art public', 'Public art', 'Découpé  collé  boulonné  taillé  peint  planté', 'Cut out  glued  screwed  carved  painted  planted', '262 x 610 x 1723 cm', 'Lachine', NULL, NULL, '45.4286880', '-73.6842510', '/Date(568011600000-0500)/'),
(1946, 'Les dos blancs', 'Art public', 'Public art', 'Techniques multiples', 'Multiple techniques ', '251 x 350 x 930 cm', 'Saint-Laurent', NULL, NULL, '45.5216790', '-73.6717060', '/Date(631170000000-0500)/'),
(1948, 'Le portage', 'Art public', 'Public art', 'Taillé  sculpté  gravé  boulonnée  collé', 'Carved  sculpted  engraved  screwed  glued', '265 x 260 x 800 cm', 'Lachine', NULL, NULL, '45.4374850', '-73.7142810', '/Date(710654400000-0400)/'),
(1950, 'Cadran solaire', 'Art public', 'Public art', 'Soudage  coulé  anodisation  peint', 'Welding  cast  anodized  painted', '350 x 360 x 360 cm', 'Mercier–Hochelaga-Maisonneuve', 'Planétarium Rio Tinto Alcan de Montréal', '4801, avenue Pierre-De Coubertin, Montréal  Québec  H1V 3V4', '45.5608050', '-73.5497670', '/Date(-94676400000-0500)/'),
(1951, 'Story Rock', 'Art public', 'Public art', NULL, NULL, '244 x 240 x 220 cm', 'Lachine', NULL, NULL, '45.4280960', '-73.6771990', '/Date(536389200000-0500)/'),
(1953, 'Le navigateur', 'Art public', 'Public art', 'Gravé', 'Engraved', '350 x 620 x 245 cm', 'Lachine', NULL, NULL, '45.4385130', '-73.7192080', '/Date(710654400000-0400)/'),
(1955, 'Vortexit II', 'Art public', 'Public art', 'Assemblé  gravé  fixé', 'Assembled  engraved  attached', '270 x 1050 x 1440 cm', 'Lachine', NULL, NULL, '45.4286030', '-73.6785860', '/Date(1230786000000-0500)/'),
(1957, 'Non titré (Traitement pictural au plafond de l\'ancien bureau du conservateur)', 'Intégration à l\'architecture', 'Integration with architecture', NULL, NULL, NULL, 'Ville-Marie', 'Édifice Gaston-Miron', '1210, rue Sherbrooke Est, Montréal (Québec) H2L 1L9', '45.5227410', '-73.5653310', '/Date(-1230750000000-0500)/'),
(1958, 'Murale extérieure', 'Intégration à l\'architecture', 'Integration with architecture', NULL, NULL, '183 x 361,5 cm', 'Ville-Marie', 'Pavillon du lac aux Castors', '2000, chemin Remembrance, Montréal (Québec) H3H 1A2', '45.4985260', '-73.5991610', '/Date(1167541200000-0500)/'),
(1960, 'Des lauriers pour mémoire, Jean-Duceppe 1923-1990', 'Art public', 'Public art', 'Forge  soudure  assemblage', 'Forging  welding  assembly', '240 x  1130 cm', 'Rosemont–La Petite-Patrie', NULL, NULL, '45.5435290', '-73.5660530', NULL),
(1962, 'Monument à Jacques Cartier', 'Art public', 'Public art', 'Statue originale : cuivre repoussé-estampé  Statue actuelle : fonte  Fontaine : moulage', 'Original statue: copper repoussé-embossed  Current statue: cast iron  Fountain: casting', '9.14 m (h) x 3.6 m (diamètre)', 'Le Sud-Ouest', NULL, NULL, '45.4800580', '-73.5862690', '/Date(-2415643200000-0400)/'),
(1964, 'Le banc des amoureux', 'Art public', 'Public art', 'Coulé', 'Cast', '184 x 240 x 150 cm', 'Rosemont–La Petite-Patrie', 'Jardin botanique', '4101, rue Sherbrooke Est, Montréal, Québec, H1X 2B2', '45.5561630', '-73.5582940', '/Date(189320400000-0500)/'),
(1966, 'Monument à sir John A. Macdonald', 'Art public', 'Public art', NULL, NULL, '1800 x 486 x 432 cm', 'Ville-Marie', NULL, NULL, '45.4987860', '-73.5696380', '/Date(-2366737200000-0500)/'),
(1968, 'Wind Boat', 'Art public', 'Public art', 'Assemblé  imbriqué', 'Assembled  interlocked', '762 x 183 x 148 cm', 'LaSalle', NULL, NULL, '45.4326870', '-73.5881150', '/Date(631170000000-0500)/'),
(1970, 'The Passing Song', 'Art public', 'Public art', NULL, NULL, '456 x 744 cm', 'Lachine', NULL, NULL, '45.4289710', '-73.6812050', '/Date(725778000000-0500)/'),
(1972, 'The First Jewel', 'Art public', 'Public art', 'Coulé', 'Cast', '172 x 115 x 70 cm', 'Rosemont–La Petite-Patrie', 'Jardin botanique', '4101, rue Sherbrooke Est, Montréal, Québec, H1X 2B2', '45.5597030', '-73.5569110', '/Date(94712400000-0500)/'),
(1974, 'Sans titre', 'Art public', 'Public art', 'Sculpté', 'Sculpted', '197 x 102 x 84 cm', 'Ville-Marie', NULL, NULL, '45.4999080', '-73.5943610', '/Date(-169588800000-0400)/'),
(1976, 'Monument à la reine Victoria', 'Art public', 'Public art', NULL, NULL, '1190 x 437.5 x 437.5 cm', 'Ville-Marie', NULL, NULL, '45.5014210', '-73.5615860', '/Date(-3187191600000-0500)/'),
(2994, 'L\'étreinte', 'Art public', 'Public art', 'Aluminium: découpé  plié  soudé et assemblé. Granit: gravé au jet de sable (fabrication artisanale)', 'Aluminum: cut out, bends  welded and assembled. Granite: Sandblast engraving.', 'Les différents ensemble de l\'installation sont répartis dans le parc.', 'Ville-Marie', NULL, 'Devant l\'entrée du 250, boul. de Maisonneuve est', '45.5123860', '-73.5635930', '/Date(1378612800000-0400)/'),
(3093, 'Constellation en Sol', 'Intégration à l\'architecture', 'Integration with architecture', 'Découpage au laser  impression  assemblage', 'Laser cutting  printing  assembly', NULL, 'Rosemont–La Petite-Patrie', 'Bibliothèque Marc-Favreau', '500 Boulevard Rosemont, Montréal, Qc H2S 0C4', '45.5318320', '-73.5975430', '/Date(1357016400000-0500)/'),
(NULL, 'Hommage à l\'esprit sportif', 'Intégration à l\'architecture', 'Integration with architecture', NULL, NULL, NULL, 'Montréal-Nord', 'Aréna Garon', '11212 Rue Garon, Montréal-Nord, QC', '45.5949940', '-73.6379550', '/Date(631170000000-0500)/'),
(3096, 'Hommage à l\'esprit sportif', 'Intégration à l\'architecture', 'Integration with architecture', NULL, NULL, NULL, 'Montréal-Nord', 'Aréna Garon', '11212 Rue Garon, Montréal-Nord, QC', '45.5949940', '-73.6379550', '/Date(631170000000-0500)/'),
(3097, 'La Bourrasque', 'Intégration à l\'architecture', 'Integration with architecture', 'Découpe au laser', 'Laser cutting ', '2700 x 570 cm', 'Saint-Laurent', 'Bibliothèque du Boisé', '2727 Boulevard Thimens, Montréal, QC H4R 1T4', '45.5040720', '-73.7051850', '/Date(1368158400000-0400)/'),
(3098, 'Voiles', 'Art public', 'Public art', 'Poli, finition effectuée par meuleuse à disque (gros grain)', 'Polished, finished using a disk grinder (coarse grit)', '488 x 310 x 10 cm\r\n488 x 275 x 13 cm', 'Montréal-Nord', NULL, NULL, '45.6031860', '-73.6425560', '/Date(662619600000-0500)/'),
(3101, 'Chorégraphie pour les humains et les étoiles', 'Art public', 'Public art', 'Béton coulé (stèles)  vidéoprojections (oeuvre numérique)', NULL, 'Hauteur 1500cm', 'Mercier–Hochelaga-Maisonneuve', 'Planétarium Rio Tinto Alcan de Montréal', '4801, avenue Pierre-De Coubertin, Montréal  Québec  H1V 3V4', '45.5607350', '-73.5501160', '/Date(1378612800000-0400)/'),
(3104, 'Carrefour', 'Intégration à l\'architecture', 'Integration with architecture', 'Moulage  assemblage', 'Casting  assembly', NULL, 'Verdun', 'La Station (Maison intergénérationnelle)', '201, rue Berlioz, Verdun (Québec) H3C 1C1', '45.4601340', '-73.5445920', '/Date(1372651200000-0400)/'),
(3107, 'Kate & Nora', 'Art public', 'Public art', NULL, NULL, '100 x 90 x 45 cm', 'Outremont', NULL, NULL, '45.5175940', '-73.5973110', '/Date(1375761600000-0400)/'),
(5143, 'COSMOTOME NO 7, OH HOMME !', 'Art public', 'Public art', NULL, NULL, NULL, 'Ville-Marie', NULL, '200, chemin du Tour-de-d\'îsle, Montreal, QC, H3C 4G8', '45.5153010', '-73.5307780', '/Date(1388552400000-0500)/'),
(5809, 'Point d\'origine', 'Art public', 'Public art', 'Aluminium taillé, soudé et assemblé (fini satiné et gravé)  pavés découpés.', NULL, '192 x 290 x 633,5 cm', 'Rosemont–La Petite-Patrie', NULL, '780, boulevard Rosemont, Montréal, H2S 0A7', '45.5335550', '-73.5962810', '/Date(1412740800000-0400)/'),
(6680, 'La vélocité des lieux', 'Art public', 'Public art', 'Assemblage', 'Assemblage', '19 x 16 x 13 m', 'Montréal-Nord', NULL, NULL, '45.5962620', '-73.6425870', '/Date(1434686400000-0400)/') 


-- --------------------------------------------------------

--
-- Structure de la table `parcours`
--

CREATE TABLE `parcours` (
  `id_parcours` int(11) NOT NULL,
  `Nom` varchar(100) NOT NULL,
  `Description` varchar(100) NOT NULL
) ENGINE=MyISAM DEFAULT CHARSET=utf8;

--
-- Contenu de la table `parcours`
--

INSERT INTO `parcours` (`id_parcours`, `Nom`, `Description`) VALUES
(1, 'Parcours test', 'teestttt');

-- --------------------------------------------------------

--
-- Structure de la table `parcours_oeuvre`
--

CREATE TABLE `parcours_oeuvre` (
  `id_parcours` int(11) NOT NULL,
  `id_oeuvre` int(11) NOT NULL
) ENGINE=MyISAM DEFAULT CHARSET=utf8;

--
-- Contenu de la table `parcours_oeuvre`
--

INSERT INTO `parcours_oeuvre` (`id_parcours`, `id_oeuvre`) VALUES
(1, 962),
(1, 1099),
(1, 1119),
(1, 1127);

-- --------------------------------------------------------

--
-- Structure de la table `ref_image`
--

CREATE TABLE `ref_image` (
  `id` int(11) NOT NULL,
  `NoInterne` int(11) NOT NULL,
  `NoImage` int(11) NOT NULL
) ENGINE=MyISAM DEFAULT CHARSET=utf8;

--
-- Contenu de la table `ref_image`
--

INSERT INTO `ref_image` (`id`, `NoInterne`, `NoImage`) VALUES
(13, 1668, 4543),
(12, 1668, 4542),
(11, 1668, 4541),
(16, 1119, 4036),
(15, 1099, 4035),
(14, 1099, 4034),
(17, 1119, 4037),
(18, 1119, 4038),
(19, 1137, 4042),
(20, 1137, 4043),
(21, 1137, 4044),
(22, 1127, 4045),
(23, 1127, 4046),
(24, 1127, 4047),
(25, 1151, 4051),
(26, 962, 4343),
(27, 962, 4344),
(28, 962, 4345),
(29, 1393, 4048),
(30, 1393, 4049),
(31, 1157, 4052),
(32, 1157, 4053),
(33, 1393, 4050),
(34, 1157, 4054),
(35, 1416, 4058),
(36, 1416, 4059),
(37, 1416, 4060),
(38, 1425, 4095),
(39, 1426, 4099),
(40, 1426, 4100),
(41, 1426, 4101),
(42, 1431, 4102),
(43, 1431, 4103),
(44, 1431, 4104),
(45, 1450, 4127),
(46, 1452, 4142),
(47, 1454, 4143),
(48, 1457, 4148),
(49, 1461, 4149),
(50, 1461, 4150),
(51, 1461, 4151),
(52, 1465, 4158),
(53, 1465, 4159),
(54, 1465, 4160),
(55, 1468, 4164),
(56, 1468, 4165),
(57, 1468, 4166),
(58, 1468, 4167),
(59, 1468, 4168),
(60, 1470, 4161),
(61, 1470, 4162),
(62, 1470, 4163),
(63, 1476, 4180),
(64, 1476, 4181),
(65, 1476, 4182),
(66, 1478, 4183),
(67, 1478, 4184),
(68, 1478, 4185),
(69, 1484, 4192),
(70, 1484, 4193),
(71, 1484, 4194),
(72, 1490, 4199),
(73, 1490, 4200),
(74, 1490, 4201),
(75, 1484, 4192),
(76, 1484, 4193),
(77, 1484, 4194),
(78, 1497, 4205),
(79, 1498, 4225),
(80, 1498, 4226),
(81, 1498, 4227),
(82, 3101, 4039),
(83, 3101, 4040),
(84, 3101, 4041),
(85, 3097, 4089),
(86, 3097, 4090),
(87, 3097, 4091),
(88, 3098, 4106),
(89, 3098, 4107),
(90, 1672, 4557),
(91, 1672, 4558),
(92, 1672, 4559),
(93, 1672, 4557),
(94, 1672, 4558),
(95, 1672, 4559),
(96, 1391, 5140),
(97, 1391, 5141),
(98, 1391, 5142),
(99, 1486, 4195),
(100, 1391, 5140),
(101, 1391, 5141),
(102, 1391, 5142),
(103, 1443, 5152),
(104, 1443, 5153),
(105, 1443, 5154),
(106, 1492, 5399),
(107, 3093, 4501),
(108, 3104, 4725),
(109, 3107, 5091),
(110, 1976, 5096),
(111, 1974, 5094),
(112, 1972, 5262),
(113, 1970, 5501),
(114, 1966, 5084),
(115, 1962, 5078),
(116, 1964, 5081),
(117, 1968, 5507),
(118, 1960, 5075),
(119, 1953, 5061),
(120, 1951, 5064),
(121, 1958, 5484),
(122, 1955, 5481),
(123, 1946, 5054),
(124, 1950, 5058),
(125, 1948, 5475),
(126, 1944, 5478),
(127, 1940, 5040),
(128, 1936, 5041),
(129, 1934, 5432),
(130, 1938, 5442),
(131, 1932, 5037),
(132, 1934, 5432),
(133, 1924, 5022),
(134, 1928, 5032),
(135, 1930, 5030),
(136, 1926, 5035),
(137, 1920, 5018),
(138, 1923, 5021),
(139, 1917, 5015),
(140, 1913, 5014),
(141, 1914, 5291),
(142, 1467, 4155),
(143, 1474, 4178),
(144, 1480, 4186),
(145, 1488, 4196),
(146, 1507, 4234),
(147, 1510, 4303),
(148, 1513, 4337),
(149, 1514, 4341),
(150, 1516, 4346),
(151, 1518, 4355),
(152, 1520, 4352),
(153, 1524, 4356),
(154, 1526, 4359),
(155, 1494, 5155),
(156, 1501, 5296),
(157, 1522, 5436),
(158, 1528, 5593),
(159, 1522, 5436),
(160, 1522, 5436);

-- --------------------------------------------------------

--
-- Structure de la table `sous_categorie`
--

CREATE TABLE `sous_categorie` (
  `id_sous_categorie` int(11) NOT NULL,
  `Nom` varchar(200) NOT NULL
) ENGINE=MyISAM DEFAULT CHARSET=utf8;

--
-- Contenu de la table `sous_categorie`
--

INSERT INTO `sous_categorie` (`id_sous_categorie`, `Nom`) VALUES
(1, 'Sculpture'),
(2, 'Installation'),
(3, 'Vitrail'),
(4, 'Peinture'),
(5, 'Mosaique'),
(6, 'Photographie'),
(7, 'Techniques mixtes'),
(8, 'Céramique'),
(9, 'Verre'),
(10, 'Bois/menuiserie d\'art'),
(11, 'Mobilier'),
(12, 'Multimédia'),
(13, 'Design industriel'),
(14, 'Émaux');

-- --------------------------------------------------------

--
-- Structure de la table `sous_categorie_oeuvre`
--

CREATE TABLE `sous_categorie_oeuvre` (
  `id_sous_categorie` int(11) NOT NULL,
  `id_oeuvre` int(11) DEFAULT NULL
) ENGINE=MyISAM DEFAULT CHARSET=utf8;

--
-- Contenu de la table `sous_categorie_oeuvre`
--

INSERT INTO `sous_categorie_oeuvre` (`id_sous_categorie`, `id_oeuvre`) VALUES
(1, 962),
(1, 1127),
(1, 1137),
(1, 1151),
(1, 1157),
(1, 1391),
(1, 1393),
(1, 1399),
(1, 1416),
(1, 1426),
(1, 1428),
(1, 1431),
(1, 1434),
(1, 1441),
(1, 1443),
(1, 1447),
(1, 1465),
(1, 0),
(1, 1467),
(1, 1468),
(1, 1470),
(1, 1474),
(1, 1476),
(1, 1480),
(1, 1484),
(1, 1486),
(1, 1488),
(1, 1490),
(1, 1492),
(1, 1494),
(1, 1498),
(1, 1500),
(1, 1501),
(1, 1507),
(1, 1510),
(1, 1513),
(1, 1514),
(1, 1524),
(1, 1526),
(1, 1530),
(1, 1532),
(1, 1534),
(1, 1538),
(1, 1540),
(1, 1542),
(1, 1544),
(1, 1548),
(1, 1550),
(1, 1554),
(1, 1557),
(1, 1559),
(1, 1561),
(1, 1565),
(1, 1568),
(1, 1570),
(1, 1577),
(1, 1578),
(1, 1581),
(1, 1595),
(1, 1597),
(1, 1598),
(1, 1604),
(1, 1610),
(1, 1616),
(1, 1618),
(1, 1620),
(1, 1638),
(1, 1640),
(1, 1641),
(1, 1648),
(1, 1650),
(1, 1652),
(1, 1654),
(1, 1656),
(1, 1658),
(1, 1660),
(1, 1662),
(1, 1664),
(1, 1666),
(1, 1668),
(1, 0),
(1, 1672),
(1, 1674),
(1, 1676),
(1, 1683),
(1, 1684),
(1, 1685),
(1, 1687),
(1, 1689),
(1, 1691),
(1, 1692),
(1, 1695),
(1, 1698),
(1, 1700),
(1, 1701),
(1, 1702),
(1, 1704),
(1, 1715),
(1, 1717),
(1, 1719),
(1, 1721),
(1, 1723),
(1, 1724),
(1, 1730),
(1, 1732),
(1, 1734),
(1, 1738),
(1, 1742),
(1, 1744),
(1, 1745),
(1, 1748),
(1, 1750),
(1, 1752),
(1, 1756),
(1, 1757),
(1, 1762),
(1, 1764),
(1, 1767),
(1, 1769),
(1, 1771),
(1, 1784),
(1, 1786),
(1, 1788),
(1, 1790),
(1, 1792),
(1, 1796),
(1, 1798),
(1, 1800),
(1, 1809),
(1, 1810),
(1, 1812),
(1, 1815),
(1, 1817),
(1, 1821),
(1, 1823),
(1, 1825),
(1, 1835),
(1, 1840),
(1, 1843),
(1, 1851),
(1, 1854),
(1, 1856),
(1, 1859),
(1, 1860),
(1, 1865),
(1, 1876),
(1, 1878),
(1, 1880),
(1, 1882),
(1, 1885),
(1, 1887),
(1, 1889),
(1, 1891),
(1, 1893),
(1, 1895),
(1, 1897),
(1, 1899),
(1, 1901),
(1, 0),
(1, 1912),
(1, 1917),
(1, 1920),
(1, 1924),
(1, 1926),
(1, 1928),
(1, 1932),
(1, 1934),
(1, 1936),
(1, 1938),
(1, 1940),
(1, 1942),
(1, 1951),
(1, 1953),
(1, 1955),
(1, 1962),
(1, 1964),
(1, 1966),
(1, 1968),
(1, 1972),
(1, 1974),
(1, 1976),
(1, 3097),
(1, 3098),
(1, 3104),
(1, 5143),
(1, 5809),
(1, 6680),
(2, 1099),
(2, 1119),
(2, 1397),
(2, 1463),
(2, 1478),
(2, 1482),
(2, 1505),
(2, 1516),
(2, 1518),
(2, 1520),
(2, 0),
(2, 0),
(2, 1522),
(2, 1528),
(2, 1536),
(2, 1555),
(2, 1563),
(2, 1566),
(2, 1580),
(2, 1600),
(2, 1602),
(2, 0),
(2, 1606),
(2, 1612),
(2, 1622),
(2, 1625),
(2, 1627),
(2, 1629),
(2, 1631),
(2, 1633),
(2, 1635),
(2, 0),
(2, 1636),
(2, 1679),
(2, 1696),
(2, 1697),
(2, 1711),
(2, 1713),
(2, 1726),
(2, 1728),
(2, 1736),
(2, 1740),
(2, 0),
(2, 1773),
(2, 1779),
(2, 1781),
(2, 1783),
(2, 1794),
(2, 1839),
(2, 1872),
(2, 1874),
(2, 0),
(2, 1916),
(2, 1930),
(2, 1944),
(2, 1946),
(2, 1948),
(2, 1960),
(2, 1970),
(2, 2994),
(2, 3107),
(3, 1400),
(3, 1401),
(3, 1402),
(3, 1403),
(3, 1503),
(3, 1682),
(3, 1827),
(4, NULL),
(4, 1404),
(4, 1406),
(4, 1425),
(4, 1450),
(4, 1451),
(4, 1452),
(4, 1454),
(4, 1455),
(4, 1456),
(4, NULL),
(4, 1457),
(4, 1512),
(4, NULL),
(4, NULL),
(4, 1546),
(4, 1553),
(4, 1571),
(4, 1579),
(4, 1583),
(4, 1644),
(4, 1670),
(4, 1803),
(4, 1819),
(4, 1842),
(4, 1853),
(4, 1913),
(4, 1923),
(4, 1957),
(5, 1407),
(6, 1414),
(6, 1415),
(6, 1573),
(6, 1643),
(6, NULL),
(6, 1834),
(6, NULL),
(6, 1837),
(6, NULL),
(6, 1838),
(7, 1461),
(7, 1472),
(7, 1759),
(7, 1776),
(7, NULL),
(7, NULL),
(7, 1777),
(7, NULL),
(7, 1828),
(7, 1867),
(7, 3093),
(8, 1497),
(8, 1706),
(8, NULL),
(8, 1919),
(8, NULL),
(8, 3096),
(9, 1708),
(9, 1710),
(10, 1755),
(11, 1871),
(12, 1914),
(12, 3101),
(13, 1950),
(14, 1958);

-- --------------------------------------------------------


-- --------------------------------------------------------

--
-- Structure de la table `user`
--

CREATE TABLE `user` (
  `id_user` int(11) NOT NULL,
  `login` varchar(100) NOT NULL,
  `password` varchar(100) NOT NULL,
  `role` varchar(100) NOT NULL,
  `courriel` varchar(100) NOT NULL
) ENGINE=InnoDB DEFAULT CHARSET=utf8;

--
-- Contenu de la table `user`
--

INSERT INTO `user` (`id_user`, `login`, `password`, `role`, `courriel`) VALUES
(1, 'admin', 'admin', 'admin', 'testAdmin@gmail.com'),
(2, 'userLambda', 'userLambda', 'usager', 'testUserLambda@gmail.com');

-- --------------------------------------------------------

--
-- Structure de la table `vote`
--

CREATE TABLE `vote` (
  `id_user` int(11) NOT NULL,
  `id_oeuvre` int(11) NOT NULL
) ENGINE=MyISAM DEFAULT CHARSET=utf8;

--
-- Index pour les tables exportées
--

--
-- Index pour la table `artiste`
--
ALTER TABLE `artiste`
  ADD PRIMARY KEY (`id_artiste`);

--
-- Index pour la table `artiste_oeuvre`
--
ALTER TABLE `artiste_oeuvre`
  ADD KEY `id_oeuvre` (`id_oeuvre`),
  ADD KEY `id_artiste` (`id_artiste`);

--
-- Index pour la table `categorie`
--
ALTER TABLE `categorie`
  ADD PRIMARY KEY (`id_categorie`);

--
-- Index pour la table `categorie_oeuvre`
--
ALTER TABLE `categorie_oeuvre`
  ADD KEY `id_categorie` (`id_categorie`),
  ADD KEY `id_oeuvre` (`id_oeuvre`);

--
-- Index pour la table `materiaux`
--
ALTER TABLE `materiaux`
  ADD PRIMARY KEY (`Nom`);

--
-- Index pour la table `materiaux_oeuvre`
--
ALTER TABLE `materiaux_oeuvre`
  ADD KEY `id_materiaux` (`id_materiaux`),
  ADD KEY `id_oeuvre` (`id_oeuvre`);

--
-- Index pour la table `parcours`
--
ALTER TABLE `parcours`
  ADD PRIMARY KEY (`id_parcours`);

--
-- Index pour la table `parcours_oeuvre`
--
ALTER TABLE `parcours_oeuvre`
  ADD KEY `id_oeuvre` (`id_oeuvre`),
  ADD KEY `id_parcours` (`id_parcours`);

--
-- Index pour la table `ref_image`
--
ALTER TABLE `ref_image`
  ADD PRIMARY KEY (`id`),
  ADD KEY `NoInterne` (`NoInterne`);

--
-- Index pour la table `sous_categorie`
--
ALTER TABLE `sous_categorie`
  ADD PRIMARY KEY (`id_sous_categorie`);

--
-- Index pour la table `sous_categorie_oeuvre`
--
ALTER TABLE `sous_categorie_oeuvre`
  ADD KEY `id_sous_categorie` (`id_sous_categorie`),
  ADD KEY `id_oeuvre` (`id_oeuvre`);

--
-- Index pour la table `user`
--
ALTER TABLE `user`
  ADD PRIMARY KEY (`id_user`);

--
-- Index pour la table `vote`
--
ALTER TABLE `vote`
  ADD KEY `id_user` (`id_user`),
  ADD KEY `id_oeuvre` (`id_oeuvre`);

--
-- AUTO_INCREMENT pour les tables exportées
--

--
-- AUTO_INCREMENT pour la table `sous_categorie`
--
ALTER TABLE `sous_categorie`
  MODIFY `id_sous_categorie` int(11) NOT NULL AUTO_INCREMENT, AUTO_INCREMENT=15;
/*!40101 SET CHARACTER_SET_CLIENT=@OLD_CHARACTER_SET_CLIENT */;
/*!40101 SET CHARACTER_SET_RESULTS=@OLD_CHARACTER_SET_RESULTS */;
/*!40101 SET COLLATION_CONNECTION=@OLD_COLLATION_CONNECTION */;
