-- phpMyAdmin SQL Dump
-- version 4.5.5.1
-- http://www.phpmyadmin.net
--
-- Client :  127.0.0.1
-- Généré le :  Mar 08 Octobre 2019 à 20:05
-- Version du serveur :  5.7.11
-- Version de PHP :  7.0.4

SET SQL_MODE = "NO_AUTO_VALUE_ON_ZERO";
SET time_zone = "+00:00";


/*!40101 SET @OLD_CHARACTER_SET_CLIENT=@@CHARACTER_SET_CLIENT */;
/*!40101 SET @OLD_CHARACTER_SET_RESULTS=@@CHARACTER_SET_RESULTS */;
/*!40101 SET @OLD_COLLATION_CONNECTION=@@COLLATION_CONNECTION */;
/*!40101 SET NAMES utf8mb4 */;

--
-- Base de données :  `artpublicmontreal`
--

-- --------------------------------------------------------

--
-- Structure de la table `artiste`
--

CREATE TABLE `artiste` (
  `id_artiste` int(11) NOT NULL,
  `Nom` varchar(200) NOT NULL,
  `Prenom` varchar(100) NOT NULL,
  `NomCollectif` varchar(100) NOT NULL,
  `Description` varchar(1000) DEFAULT NULL,
  `site_web` varchar(100) DEFAULT NULL
) ENGINE=MyISAM DEFAULT CHARSET=utf8;

--
-- Contenu de la table `artiste`
--

INSERT INTO `artiste` (`id_artiste`, `Nom`, `Prenom`, `NomCollectif`, `Description`, `site_web`) VALUES
(1, 'Coutu', 'Patrick', '', 'Lorem ipsum dolor sit amet, consectetur adipiscing elit, sed do eiusmod tempor incididunt ut labore et dolore magna aliqua. ', 'www.adresse.com'),
(2, 'Alloucherie', 'Jocelyne', '', 'Lorem ipsum dolor sit amet, consectetur adipiscing elit, sed do eiusmod tempor incididunt ut labore et dolore magna aliqua. ', 'www.adresse.com'),
(3, 'Angers', 'Pierre Yves', '', 'Lorem ipsum dolor sit amet, consectetur adipiscing elit, sed do eiusmod tempor incididunt ut labore et dolore magna aliqua. ', 'www.adresse.com'),
(4, 'Arsenault', 'Denise', '', 'Lorem ipsum dolor sit amet, consectetur adipiscing elit, sed do eiusmod tempor incididunt ut labore et dolore magna aliqua. ', 'www.adresse.com'),
(5, '', '', 'Atelier TAG', 'Lorem ipsum dolor sit amet, consectetur adipiscing elit, sed do eiusmod tempor incididunt ut labore et dolore magna aliqua. ', 'www.adresse.com'),
(6, 'Adam', 'Henri-Georges', '', 'Lorem ipsum dolor sit amet, consectetur adipiscing elit, sed do eiusmod tempor incididunt ut labore et dolore magna aliqua. ', 'www.adresse.com'),
(132, 'Antoci', 'Rosario', '', 'Lorem ipsum dolor sit amet, consectetur adipiscing elit, sed do eiusmod tempor incididunt ut labore et dolore magna aliqua. ', 'www.adresse.com'),
(133, 'Aquino', 'Eduardo', '', 'Lorem ipsum dolor sit amet, consectetur adipiscing elit, sed do eiusmod tempor incididunt ut labore et dolore magna aliqua. ', 'www.adresse.com'),
(201, 'Streubel', 'Heinrich', '', 'Lorem ipsum dolor sit amet, consectetur adipiscing elit, sed do eiusmod tempor incididunt ut labore et dolore magna aliqua. ', 'www.adresse.com'),
(134, 'Inconnu', 'Auteur', '', 'Lorem ipsum dolor sit amet, consectetur adipiscing elit, sed do eiusmod tempor incididunt ut labore et dolore magna aliqua. ', 'www.adresse.com'),
(192, 'Pootoogook', 'Elijah Pudlat', '', 'Lorem ipsum dolor sit amet, consectetur adipiscing elit, sed do eiusmod tempor incididunt ut labore et dolore magna aliqua. ', 'www.adresse.com'),
(193, 'Saggiak', 'Kumakuluk', '', 'Lorem ipsum dolor sit amet, consectetur adipiscing elit, sed do eiusmod tempor incididunt ut labore et dolore magna aliqua. ', 'www.adresse.com'),
(135, 'Baier', 'Nicolas', '', 'Lorem ipsum dolor sit amet, consectetur adipiscing elit, sed do eiusmod tempor incididunt ut labore et dolore magna aliqua. ', 'www.adresse.com'),
(7, 'Balboni', 'Carlo', '', 'Lorem ipsum dolor sit amet, consectetur adipiscing elit, sed do eiusmod tempor incididunt ut labore et dolore magna aliqua. ', 'www.adresse.com'),
(136, 'Bélanger', 'Octave', '', 'Lorem ipsum dolor sit amet, consectetur adipiscing elit, sed do eiusmod tempor incididunt ut labore et dolore magna aliqua. ', 'www.adresse.com'),
(8, 'Benet', 'Eugène-Paul', '', 'Lorem ipsum dolor sit amet, consectetur adipiscing elit, sed do eiusmod tempor incididunt ut labore et dolore magna aliqua. ', 'www.adresse.com'),
(10, 'Berezowsky', 'Liliana', '', 'Lorem ipsum dolor sit amet, consectetur adipiscing elit, sed do eiusmod tempor incididunt ut labore et dolore magna aliqua. ', 'www.adresse.com'),
(11, 'Bergeron', 'Germain', '', 'Lorem ipsum dolor sit amet, consectetur adipiscing elit, sed do eiusmod tempor incididunt ut labore et dolore magna aliqua. ', 'www.adresse.com'),
(137, 'Bérubé', 'Patrick', '', 'Lorem ipsum dolor sit amet, consectetur adipiscing elit, sed do eiusmod tempor incididunt ut labore et dolore magna aliqua. ', 'www.adresse.com'),
(14, 'Boisvert', 'Gilles', '', 'Lorem ipsum dolor sit amet, consectetur adipiscing elit, sed do eiusmod tempor incididunt ut labore et dolore magna aliqua. ', 'www.adresse.com'),
(15, 'Borduas', 'Paul', '', 'Lorem ipsum dolor sit amet, consectetur adipiscing elit, sed do eiusmod tempor incididunt ut labore et dolore magna aliqua. ', 'www.adresse.com'),
(138, 'Borduas', 'Paul-Émile', '', 'Lorem ipsum dolor sit amet, consectetur adipiscing elit, sed do eiusmod tempor incididunt ut labore et dolore magna aliqua. ', 'www.adresse.com'),
(139, 'Boudot', 'Lucien', '', 'Lorem ipsum dolor sit amet, consectetur adipiscing elit, sed do eiusmod tempor incididunt ut labore et dolore magna aliqua. ', 'www.adresse.com'),
(140, 'Cerceau', 'Fernand', '', 'Lorem ipsum dolor sit amet, consectetur adipiscing elit, sed do eiusmod tempor incididunt ut labore et dolore magna aliqua. ', 'www.adresse.com'),
(141, 'Bourassa', 'Guy', '', 'Lorem ipsum dolor sit amet, consectetur adipiscing elit, sed do eiusmod tempor incididunt ut labore et dolore magna aliqua. ', 'www.adresse.com'),
(16, 'Bourgault', 'Pierre', '', 'Lorem ipsum dolor sit amet, consectetur adipiscing elit, sed do eiusmod tempor incididunt ut labore et dolore magna aliqua. ', 'www.adresse.com'),
(17, 'Bourgeau', 'Annick', '', 'Lorem ipsum dolor sit amet, consectetur adipiscing elit, sed do eiusmod tempor incididunt ut labore et dolore magna aliqua. ', 'www.adresse.com'),
(77, 'Lasalle', 'Jules', '', 'Lorem ipsum dolor sit amet, consectetur adipiscing elit, sed do eiusmod tempor incididunt ut labore et dolore magna aliqua. ', 'www.adresse.com'),
(18, 'Boyer', 'Gilbert', '', 'Lorem ipsum dolor sit amet, consectetur adipiscing elit, sed do eiusmod tempor incididunt ut labore et dolore magna aliqua. ', 'www.adresse.com'),
(142, 'Brière', 'Marie-France', '', 'Lorem ipsum dolor sit amet, consectetur adipiscing elit, sed do eiusmod tempor incididunt ut labore et dolore magna aliqua. ', 'www.adresse.com'),
(19, 'Brunet', 'Émile', '', 'Lorem ipsum dolor sit amet, consectetur adipiscing elit, sed do eiusmod tempor incididunt ut labore et dolore magna aliqua. ', 'www.adresse.com'),
(20, 'Buren', 'Daniel', '', 'Lorem ipsum dolor sit amet, consectetur adipiscing elit, sed do eiusmod tempor incididunt ut labore et dolore magna aliqua. ', 'www.adresse.com'),
(21, 'Burman', 'Irving', '', 'Lorem ipsum dolor sit amet, consectetur adipiscing elit, sed do eiusmod tempor incididunt ut labore et dolore magna aliqua. ', 'www.adresse.com'),
(22, 'Cadieux', 'Alain', '', 'Lorem ipsum dolor sit amet, consectetur adipiscing elit, sed do eiusmod tempor incididunt ut labore et dolore magna aliqua. ', 'www.adresse.com'),
(23, 'Calder', 'Alexander', '', 'Lorem ipsum dolor sit amet, consectetur adipiscing elit, sed do eiusmod tempor incididunt ut labore et dolore magna aliqua. ', 'www.adresse.com'),
(24, 'Cantieni', 'Graham', '', 'Lorem ipsum dolor sit amet, consectetur adipiscing elit, sed do eiusmod tempor incididunt ut labore et dolore magna aliqua. ', 'www.adresse.com'),
(25, 'Cardenas', 'Augustin', '', 'Lorem ipsum dolor sit amet, consectetur adipiscing elit, sed do eiusmod tempor incididunt ut labore et dolore magna aliqua. ', 'www.adresse.com'),
(26, 'Carpentier', 'Jacques', '', 'Lorem ipsum dolor sit amet, consectetur adipiscing elit, sed do eiusmod tempor incididunt ut labore et dolore magna aliqua. ', 'www.adresse.com'),
(143, 'Cartier', 'Jean', '', 'Lorem ipsum dolor sit amet, consectetur adipiscing elit, sed do eiusmod tempor incididunt ut labore et dolore magna aliqua. ', 'www.adresse.com'),
(27, 'Casini', 'Guido', '', 'Lorem ipsum dolor sit amet, consectetur adipiscing elit, sed do eiusmod tempor incididunt ut labore et dolore magna aliqua. ', 'www.adresse.com'),
(28, 'Cavalli', 'Roger', '', 'Lorem ipsum dolor sit amet, consectetur adipiscing elit, sed do eiusmod tempor incididunt ut labore et dolore magna aliqua. ', 'www.adresse.com'),
(144, 'Charland-Favretti', 'Lyse', '', 'Lorem ipsum dolor sit amet, consectetur adipiscing elit, sed do eiusmod tempor incididunt ut labore et dolore magna aliqua. ', 'www.adresse.com'),
(29, 'Charney', 'Melvin', '', 'Lorem ipsum dolor sit amet, consectetur adipiscing elit, sed do eiusmod tempor incididunt ut labore et dolore magna aliqua. ', 'www.adresse.com'),
(30, 'Chavignier', 'Louis', '', 'Lorem ipsum dolor sit amet, consectetur adipiscing elit, sed do eiusmod tempor incididunt ut labore et dolore magna aliqua. ', 'www.adresse.com'),
(145, 'Comtois', 'Ulysse', '', 'Lorem ipsum dolor sit amet, consectetur adipiscing elit, sed do eiusmod tempor incididunt ut labore et dolore magna aliqua. ', 'www.adresse.com'),
(146, 'Connolly', 'Reynald', '', 'Lorem ipsum dolor sit amet, consectetur adipiscing elit, sed do eiusmod tempor incididunt ut labore et dolore magna aliqua. ', 'www.adresse.com'),
(31, '', '', 'Cooke-Sasseville', 'Lorem ipsum dolor sit amet, consectetur adipiscing elit, sed do eiusmod tempor incididunt ut labore et dolore magna aliqua. ', 'www.adresse.com'),
(147, 'Covit', 'Linda', '', 'Lorem ipsum dolor sit amet, consectetur adipiscing elit, sed do eiusmod tempor incididunt ut labore et dolore magna aliqua. ', 'www.adresse.com'),
(187, 'Séguin', 'Marie-Claude', '', 'Lorem ipsum dolor sit amet, consectetur adipiscing elit, sed do eiusmod tempor incididunt ut labore et dolore magna aliqua. ', 'www.adresse.com'),
(190, 'Hardy et associés', 'Cardinal', '', 'Lorem ipsum dolor sit amet, consectetur adipiscing elit, sed do eiusmod tempor incididunt ut labore et dolore magna aliqua. ', 'www.adresse.com'),
(32, 'Daoust', 'Sylvia', '', 'Lorem ipsum dolor sit amet, consectetur adipiscing elit, sed do eiusmod tempor incididunt ut labore et dolore magna aliqua. ', 'www.adresse.com'),
(33, 'Dardel', 'René', '', 'Lorem ipsum dolor sit amet, consectetur adipiscing elit, sed do eiusmod tempor incididunt ut labore et dolore magna aliqua. ', 'www.adresse.com'),
(34, 'Daudelin', 'Charles', '', 'Lorem ipsum dolor sit amet, consectetur adipiscing elit, sed do eiusmod tempor incididunt ut labore et dolore magna aliqua. ', 'www.adresse.com'),
(35, 'De Almeida', 'Charters', '', 'Lorem ipsum dolor sit amet, consectetur adipiscing elit, sed do eiusmod tempor incididunt ut labore et dolore magna aliqua. ', 'www.adresse.com'),
(36, 'De Broin', 'Michel', '', 'Lorem ipsum dolor sit amet, consectetur adipiscing elit, sed do eiusmod tempor incididunt ut labore et dolore magna aliqua. ', 'www.adresse.com'),
(37, 'De Leon Imao', 'Abdulmari Jr.', '', 'Lorem ipsum dolor sit amet, consectetur adipiscing elit, sed do eiusmod tempor incididunt ut labore et dolore magna aliqua. ', 'www.adresse.com'),
(38, 'De Palma', 'Armand', '', 'Lorem ipsum dolor sit amet, consectetur adipiscing elit, sed do eiusmod tempor incididunt ut labore et dolore magna aliqua. ', 'www.adresse.com'),
(148, 'De Tonnancour', 'Jacques', '', 'Lorem ipsum dolor sit amet, consectetur adipiscing elit, sed do eiusmod tempor incididunt ut labore et dolore magna aliqua. ', 'www.adresse.com'),
(39, 'Debré', 'Olivier', '', 'Lorem ipsum dolor sit amet, consectetur adipiscing elit, sed do eiusmod tempor incididunt ut labore et dolore magna aliqua. ', 'www.adresse.com'),
(40, 'Delavalle', 'Jean-Marie', '', 'Lorem ipsum dolor sit amet, consectetur adipiscing elit, sed do eiusmod tempor incididunt ut labore et dolore magna aliqua. ', 'www.adresse.com'),
(149, 'Delfosse', 'George', '', 'Lorem ipsum dolor sit amet, consectetur adipiscing elit, sed do eiusmod tempor incididunt ut labore et dolore magna aliqua. ', 'www.adresse.com'),
(41, 'Démidoff-Séguin', 'Tatiana', '', 'Lorem ipsum dolor sit amet, consectetur adipiscing elit, sed do eiusmod tempor incididunt ut labore et dolore magna aliqua. ', 'www.adresse.com'),
(42, 'Dubois', 'Pierre-Gilles', '', 'Lorem ipsum dolor sit amet, consectetur adipiscing elit, sed do eiusmod tempor incididunt ut labore et dolore magna aliqua. ', 'www.adresse.com'),
(43, 'Dubray', 'Vital', '', 'Lorem ipsum dolor sit amet, consectetur adipiscing elit, sed do eiusmod tempor incididunt ut labore et dolore magna aliqua. ', 'www.adresse.com'),
(44, 'Dumouchel', 'Agnès', '', 'Lorem ipsum dolor sit amet, consectetur adipiscing elit, sed do eiusmod tempor incididunt ut labore et dolore magna aliqua. ', 'www.adresse.com'),
(45, 'Duval', 'Lucie', '', 'Lorem ipsum dolor sit amet, consectetur adipiscing elit, sed do eiusmod tempor incididunt ut labore et dolore magna aliqua. ', 'www.adresse.com'),
(46, 'Dyens', 'Georges', '', 'Lorem ipsum dolor sit amet, consectetur adipiscing elit, sed do eiusmod tempor incididunt ut labore et dolore magna aliqua. ', 'www.adresse.com'),
(47, 'Edstrom', 'Peter David', '', 'Lorem ipsum dolor sit amet, consectetur adipiscing elit, sed do eiusmod tempor incididunt ut labore et dolore magna aliqua. ', 'www.adresse.com'),
(48, 'Eloul', 'Kosso', '', 'Lorem ipsum dolor sit amet, consectetur adipiscing elit, sed do eiusmod tempor incididunt ut labore et dolore magna aliqua. ', 'www.adresse.com'),
(150, 'Faniel', 'Alfred', '', 'Lorem ipsum dolor sit amet, consectetur adipiscing elit, sed do eiusmod tempor incididunt ut labore et dolore magna aliqua. ', 'www.adresse.com'),
(151, 'Farley', 'Denis', '', 'Lorem ipsum dolor sit amet, consectetur adipiscing elit, sed do eiusmod tempor incididunt ut labore et dolore magna aliqua. ', 'www.adresse.com'),
(152, 'Filion', 'Armand', '', 'Lorem ipsum dolor sit amet, consectetur adipiscing elit, sed do eiusmod tempor incididunt ut labore et dolore magna aliqua. ', 'www.adresse.com'),
(153, 'Fiorucci', 'Vittorio', '', 'Lorem ipsum dolor sit amet, consectetur adipiscing elit, sed do eiusmod tempor incididunt ut labore et dolore magna aliqua. ', 'www.adresse.com'),
(50, 'Fontaine', 'Lorraine', '', 'Lorem ipsum dolor sit amet, consectetur adipiscing elit, sed do eiusmod tempor incididunt ut labore et dolore magna aliqua. ', 'www.adresse.com'),
(154, 'Fortin', 'Marc-Aurèle', '', 'Lorem ipsum dolor sit amet, consectetur adipiscing elit, sed do eiusmod tempor incididunt ut labore et dolore magna aliqua. ', 'www.adresse.com'),
(49, 'Fournelle', 'André', '', 'Lorem ipsum dolor sit amet, consectetur adipiscing elit, sed do eiusmod tempor incididunt ut labore et dolore magna aliqua. ', 'www.adresse.com'),
(51, 'Galipeau', 'Benoit', '', 'Lorem ipsum dolor sit amet, consectetur adipiscing elit, sed do eiusmod tempor incididunt ut labore et dolore magna aliqua. ', 'www.adresse.com'),
(52, 'Gavoty', 'Jean-François', '', 'Lorem ipsum dolor sit amet, consectetur adipiscing elit, sed do eiusmod tempor incididunt ut labore et dolore magna aliqua. ', 'www.adresse.com'),
(155, 'Péré', 'Guerric', '', 'Lorem ipsum dolor sit amet, consectetur adipiscing elit, sed do eiusmod tempor incididunt ut labore et dolore magna aliqua. ', 'www.adresse.com'),
(53, 'Gladstone', 'Gerald', '', 'Lorem ipsum dolor sit amet, consectetur adipiscing elit, sed do eiusmod tempor incididunt ut labore et dolore magna aliqua. ', 'www.adresse.com'),
(54, 'Gnass', 'Peter', '', 'Lorem ipsum dolor sit amet, consectetur adipiscing elit, sed do eiusmod tempor incididunt ut labore et dolore magna aliqua. ', 'www.adresse.com'),
(55, 'Gokakis', 'Spyros', '', 'Lorem ipsum dolor sit amet, consectetur adipiscing elit, sed do eiusmod tempor incididunt ut labore et dolore magna aliqua. ', 'www.adresse.com'),
(56, 'Gorduz', 'Vasile', '', 'Lorem ipsum dolor sit amet, consectetur adipiscing elit, sed do eiusmod tempor incididunt ut labore et dolore magna aliqua. ', 'www.adresse.com'),
(57, 'Goulet', 'Michel', '', 'Lorem ipsum dolor sit amet, consectetur adipiscing elit, sed do eiusmod tempor incididunt ut labore et dolore magna aliqua. ', 'www.adresse.com'),
(58, 'Goulet', 'Rose-Marie', '', 'Lorem ipsum dolor sit amet, consectetur adipiscing elit, sed do eiusmod tempor incididunt ut labore et dolore magna aliqua. ', 'www.adresse.com'),
(186, 'Robert', 'Marie-Claude', '', 'Lorem ipsum dolor sit amet, consectetur adipiscing elit, sed do eiusmod tempor incididunt ut labore et dolore magna aliqua. ', 'www.adresse.com'),
(59, 'Granche', 'Pierre', '', 'Lorem ipsum dolor sit amet, consectetur adipiscing elit, sed do eiusmod tempor incididunt ut labore et dolore magna aliqua. ', 'www.adresse.com'),
(60, 'Granet', 'Roseline', '', 'Lorem ipsum dolor sit amet, consectetur adipiscing elit, sed do eiusmod tempor incididunt ut labore et dolore magna aliqua. ', 'www.adresse.com'),
(62, 'Hayeur', 'Isabelle', '', 'Lorem ipsum dolor sit amet, consectetur adipiscing elit, sed do eiusmod tempor incididunt ut labore et dolore magna aliqua. ', 'www.adresse.com'),
(156, 'Hébert', 'Adrien', '', 'Lorem ipsum dolor sit amet, consectetur adipiscing elit, sed do eiusmod tempor incididunt ut labore et dolore magna aliqua. ', 'www.adresse.com'),
(63, 'Hébert', 'Henri', '', 'Lorem ipsum dolor sit amet, consectetur adipiscing elit, sed do eiusmod tempor incididunt ut labore et dolore magna aliqua. ', 'www.adresse.com'),
(157, 'Hébert', 'Jacques', '', 'Lorem ipsum dolor sit amet, consectetur adipiscing elit, sed do eiusmod tempor incididunt ut labore et dolore magna aliqua. ', 'www.adresse.com'),
(64, 'Hébert', 'Louis-Philippe', '', 'Lorem ipsum dolor sit amet, consectetur adipiscing elit, sed do eiusmod tempor incididunt ut labore et dolore magna aliqua. ', 'www.adresse.com'),
(65, 'Heyvaert', 'Pierre', '', 'Lorem ipsum dolor sit amet, consectetur adipiscing elit, sed do eiusmod tempor incididunt ut labore et dolore magna aliqua. ', 'www.adresse.com'),
(66, 'Hill', 'George William', '', 'Lorem ipsum dolor sit amet, consectetur adipiscing elit, sed do eiusmod tempor incididunt ut labore et dolore magna aliqua. ', 'www.adresse.com'),
(158, 'Holgate', 'Edwin H.', '', 'Lorem ipsum dolor sit amet, consectetur adipiscing elit, sed do eiusmod tempor incididunt ut labore et dolore magna aliqua. ', 'www.adresse.com'),
(68, 'Hunt', 'Henry', '', 'Lorem ipsum dolor sit amet, consectetur adipiscing elit, sed do eiusmod tempor incididunt ut labore et dolore magna aliqua. ', 'www.adresse.com'),
(198, 'Hunt', 'Tony', '', 'Lorem ipsum dolor sit amet, consectetur adipiscing elit, sed do eiusmod tempor incididunt ut labore et dolore magna aliqua. ', 'www.adresse.com'),
(69, 'Hunter', 'Raoul', '', 'Lorem ipsum dolor sit amet, consectetur adipiscing elit, sed do eiusmod tempor incididunt ut labore et dolore magna aliqua. ', 'www.adresse.com'),
(70, 'Jarnuszkiewicz', 'Jacek', '', 'Lorem ipsum dolor sit amet, consectetur adipiscing elit, sed do eiusmod tempor incididunt ut labore et dolore magna aliqua. ', 'www.adresse.com'),
(159, 'Keyt', 'George', '', 'Lorem ipsum dolor sit amet, consectetur adipiscing elit, sed do eiusmod tempor incididunt ut labore et dolore magna aliqua. ', 'www.adresse.com'),
(71, 'Lachapelle', 'Guillaume', '', 'Lorem ipsum dolor sit amet, consectetur adipiscing elit, sed do eiusmod tempor incididunt ut labore et dolore magna aliqua. ', 'www.adresse.com'),
(72, 'Laliberté', 'Alfred', '', 'Lorem ipsum dolor sit amet, consectetur adipiscing elit, sed do eiusmod tempor incididunt ut labore et dolore magna aliqua. ', 'www.adresse.com'),
(160, 'Lamarche', 'Claude', '', 'Lorem ipsum dolor sit amet, consectetur adipiscing elit, sed do eiusmod tempor incididunt ut labore et dolore magna aliqua. ', 'www.adresse.com'),
(73, 'Lancz', 'Paul', '', 'Lorem ipsum dolor sit amet, consectetur adipiscing elit, sed do eiusmod tempor incididunt ut labore et dolore magna aliqua. ', 'www.adresse.com'),
(74, 'Langevin', 'Roger', '', 'Lorem ipsum dolor sit amet, consectetur adipiscing elit, sed do eiusmod tempor incididunt ut labore et dolore magna aliqua. ', 'www.adresse.com'),
(161, 'Lapalme', 'Robert', '', 'Lorem ipsum dolor sit amet, consectetur adipiscing elit, sed do eiusmod tempor incididunt ut labore et dolore magna aliqua. ', 'www.adresse.com'),
(162, 'Lapointe', 'Michèle', '', 'Lorem ipsum dolor sit amet, consectetur adipiscing elit, sed do eiusmod tempor incididunt ut labore et dolore magna aliqua. ', 'www.adresse.com'),
(75, 'Larivée', 'Francine', '', 'Lorem ipsum dolor sit amet, consectetur adipiscing elit, sed do eiusmod tempor incididunt ut labore et dolore magna aliqua. ', 'www.adresse.com'),
(76, 'Larivière', 'Gilles', '', 'Lorem ipsum dolor sit amet, consectetur adipiscing elit, sed do eiusmod tempor incididunt ut labore et dolore magna aliqua. ', 'www.adresse.com'),
(78, 'Lawson', 'Georges Anderson', '', 'Lorem ipsum dolor sit amet, consectetur adipiscing elit, sed do eiusmod tempor incididunt ut labore et dolore magna aliqua. ', 'www.adresse.com'),
(79, 'Leblanc', 'Pierre', '', 'Lorem ipsum dolor sit amet, consectetur adipiscing elit, sed do eiusmod tempor incididunt ut labore et dolore magna aliqua. ', 'www.adresse.com'),
(81, 'Lebourg', 'Charles-Auguste', '', 'Lorem ipsum dolor sit amet, consectetur adipiscing elit, sed do eiusmod tempor incididunt ut labore et dolore magna aliqua. ', 'www.adresse.com'),
(82, 'Leclerc', 'Pierre E.', '', 'Lorem ipsum dolor sit amet, consectetur adipiscing elit, sed do eiusmod tempor incididunt ut labore et dolore magna aliqua. ', 'www.adresse.com'),
(80, 'Lefébure', 'Jean', '', 'Lorem ipsum dolor sit amet, consectetur adipiscing elit, sed do eiusmod tempor incididunt ut labore et dolore magna aliqua. ', 'www.adresse.com'),
(84, 'Lemieux', 'F. Maurice', '', 'Lorem ipsum dolor sit amet, consectetur adipiscing elit, sed do eiusmod tempor incididunt ut labore et dolore magna aliqua. ', 'www.adresse.com'),
(83, 'Lemieux', 'Lisette', '', 'Lorem ipsum dolor sit amet, consectetur adipiscing elit, sed do eiusmod tempor incididunt ut labore et dolore magna aliqua. ', 'www.adresse.com'),
(85, '', '', 'Les Industries perdues', 'Lorem ipsum dolor sit amet, consectetur adipiscing elit, sed do eiusmod tempor incididunt ut labore et dolore magna aliqua. ', 'www.adresse.com'),
(86, 'Lui', 'Andrew', '', 'Lorem ipsum dolor sit amet, consectetur adipiscing elit, sed do eiusmod tempor incididunt ut labore et dolore magna aliqua. ', 'www.adresse.com'),
(87, 'Maler', 'Miroslav Frederik', '', 'Lorem ipsum dolor sit amet, consectetur adipiscing elit, sed do eiusmod tempor incididunt ut labore et dolore magna aliqua. ', 'www.adresse.com'),
(163, 'McCarthy', 'Coeur de lion', '', 'Lorem ipsum dolor sit amet, consectetur adipiscing elit, sed do eiusmod tempor incididunt ut labore et dolore magna aliqua. ', 'www.adresse.com'),
(67, 'Hilton-Moore', 'Marlene', '', 'Lorem ipsum dolor sit amet, consectetur adipiscing elit, sed do eiusmod tempor incididunt ut labore et dolore magna aliqua. ', 'www.adresse.com'),
(88, 'McEwen', 'John', '', 'Lorem ipsum dolor sit amet, consectetur adipiscing elit, sed do eiusmod tempor incididunt ut labore et dolore magna aliqua. ', 'www.adresse.com'),
(164, 'Merola', 'Mario', '', 'Lorem ipsum dolor sit amet, consectetur adipiscing elit, sed do eiusmod tempor incididunt ut labore et dolore magna aliqua. ', 'www.adresse.com'),
(89, 'Mihalcean', 'Gilles', '', 'Lorem ipsum dolor sit amet, consectetur adipiscing elit, sed do eiusmod tempor incididunt ut labore et dolore magna aliqua. ', 'www.adresse.com'),
(90, 'Millette', 'Claude', '', 'Lorem ipsum dolor sit amet, consectetur adipiscing elit, sed do eiusmod tempor incididunt ut labore et dolore magna aliqua. ', 'www.adresse.com'),
(188, 'Mitchell', 'Robert', '', 'Lorem ipsum dolor sit amet, consectetur adipiscing elit, sed do eiusmod tempor incididunt ut labore et dolore magna aliqua. ', 'www.adresse.com'),
(91, 'Moore', 'David', '', 'Lorem ipsum dolor sit amet, consectetur adipiscing elit, sed do eiusmod tempor incididunt ut labore et dolore magna aliqua. ', 'www.adresse.com'),
(165, 'Moreau', 'Mathurin', '', 'Lorem ipsum dolor sit amet, consectetur adipiscing elit, sed do eiusmod tempor incididunt ut labore et dolore magna aliqua. ', 'www.adresse.com'),
(92, 'Morin', 'Jean-Pierre', '', 'Lorem ipsum dolor sit amet, consectetur adipiscing elit, sed do eiusmod tempor incididunt ut labore et dolore magna aliqua. ', 'www.adresse.com'),
(166, 'Morin', 'Madeleine', '', 'Lorem ipsum dolor sit amet, consectetur adipiscing elit, sed do eiusmod tempor incididunt ut labore et dolore magna aliqua. ', 'www.adresse.com'),
(167, 'Morosoli', 'Joëlle', '', 'Lorem ipsum dolor sit amet, consectetur adipiscing elit, sed do eiusmod tempor incididunt ut labore et dolore magna aliqua. ', 'www.adresse.com'),
(168, 'Mott', 'J.L.', '', 'Lorem ipsum dolor sit amet, consectetur adipiscing elit, sed do eiusmod tempor incididunt ut labore et dolore magna aliqua. ', 'www.adresse.com'),
(93, 'Nadeau', 'Guy', '', 'Lorem ipsum dolor sit amet, consectetur adipiscing elit, sed do eiusmod tempor incididunt ut labore et dolore magna aliqua. ', 'www.adresse.com'),
(169, 'Nadeau', 'Marc-Antoine', '', 'Lorem ipsum dolor sit amet, consectetur adipiscing elit, sed do eiusmod tempor incididunt ut labore et dolore magna aliqua. ', 'www.adresse.com'),
(94, 'Narita', 'Takera', '', 'Lorem ipsum dolor sit amet, consectetur adipiscing elit, sed do eiusmod tempor incididunt ut labore et dolore magna aliqua. ', 'www.adresse.com'),
(95, 'Nepveu', 'Robert', '', 'Lorem ipsum dolor sit amet, consectetur adipiscing elit, sed do eiusmod tempor incididunt ut labore et dolore magna aliqua. ', 'www.adresse.com'),
(96, 'Olariu', 'Octavian', '', 'Lorem ipsum dolor sit amet, consectetur adipiscing elit, sed do eiusmod tempor incididunt ut labore et dolore magna aliqua. ', 'www.adresse.com'),
(170, 'Paiement', 'Alain', '', 'Lorem ipsum dolor sit amet, consectetur adipiscing elit, sed do eiusmod tempor incididunt ut labore et dolore magna aliqua. ', 'www.adresse.com'),
(97, 'Pang', 'Tin Neon', '', 'Lorem ipsum dolor sit amet, consectetur adipiscing elit, sed do eiusmod tempor incididunt ut labore et dolore magna aliqua. ', 'www.adresse.com'),
(98, 'Pellegrinuzzi', 'Roberto', '', 'Lorem ipsum dolor sit amet, consectetur adipiscing elit, sed do eiusmod tempor incididunt ut labore et dolore magna aliqua. ', 'www.adresse.com'),
(171, 'Pellerin', 'Guy', '', 'Lorem ipsum dolor sit amet, consectetur adipiscing elit, sed do eiusmod tempor incididunt ut labore et dolore magna aliqua. ', 'www.adresse.com'),
(99, 'Pelletier', 'Robert', '', 'Lorem ipsum dolor sit amet, consectetur adipiscing elit, sed do eiusmod tempor incididunt ut labore et dolore magna aliqua. ', 'www.adresse.com'),
(172, 'Pellus', 'Raymond', '', 'Lorem ipsum dolor sit amet, consectetur adipiscing elit, sed do eiusmod tempor incididunt ut labore et dolore magna aliqua. ', 'www.adresse.com'),
(100, 'Pelzer', 'Alfonso', '', 'Lorem ipsum dolor sit amet, consectetur adipiscing elit, sed do eiusmod tempor incididunt ut labore et dolore magna aliqua. ', 'www.adresse.com'),
(101, 'Pillhofer', 'Josef', '', 'Lorem ipsum dolor sit amet, consectetur adipiscing elit, sed do eiusmod tempor incididunt ut labore et dolore magna aliqua. ', 'www.adresse.com'),
(173, 'Pilot', 'Robert', '', 'Lorem ipsum dolor sit amet, consectetur adipiscing elit, sed do eiusmod tempor incididunt ut labore et dolore magna aliqua. ', 'www.adresse.com'),
(102, 'Planes', 'José', '', 'Lorem ipsum dolor sit amet, consectetur adipiscing elit, sed do eiusmod tempor incididunt ut labore et dolore magna aliqua. ', 'www.adresse.com'),
(103, 'Poliquin', 'Jean-Noël', '', 'Lorem ipsum dolor sit amet, consectetur adipiscing elit, sed do eiusmod tempor incididunt ut labore et dolore magna aliqua. ', 'www.adresse.com'),
(105, 'Poulin', 'Roland', '', 'Lorem ipsum dolor sit amet, consectetur adipiscing elit, sed do eiusmod tempor incididunt ut labore et dolore magna aliqua. ', 'www.adresse.com'),
(106, 'Prent', 'Mark', '', 'Lorem ipsum dolor sit amet, consectetur adipiscing elit, sed do eiusmod tempor incididunt ut labore et dolore magna aliqua. ', 'www.adresse.com'),
(107, 'Reddy', 'Krishna', '', 'Lorem ipsum dolor sit amet, consectetur adipiscing elit, sed do eiusmod tempor incididunt ut labore et dolore magna aliqua. ', 'www.adresse.com'),
(174, 'Reusch', 'Astri', '', 'Lorem ipsum dolor sit amet, consectetur adipiscing elit, sed do eiusmod tempor incididunt ut labore et dolore magna aliqua. ', 'www.adresse.com'),
(175, 'Rochette', 'Sylvie', '', 'Lorem ipsum dolor sit amet, consectetur adipiscing elit, sed do eiusmod tempor incididunt ut labore et dolore magna aliqua. ', 'www.adresse.com'),
(189, 'Rolland', 'Dominique', '', 'Lorem ipsum dolor sit amet, consectetur adipiscing elit, sed do eiusmod tempor incididunt ut labore et dolore magna aliqua. ', 'www.adresse.com'),
(108, 'Roussil', 'Robert', '', 'Lorem ipsum dolor sit amet, consectetur adipiscing elit, sed do eiusmod tempor incididunt ut labore et dolore magna aliqua. ', 'www.adresse.com'),
(109, 'Sandonato', 'Aurelio', '', 'Lorem ipsum dolor sit amet, consectetur adipiscing elit, sed do eiusmod tempor incididunt ut labore et dolore magna aliqua. ', 'www.adresse.com'),
(110, 'Santini', 'Laura', '', 'Lorem ipsum dolor sit amet, consectetur adipiscing elit, sed do eiusmod tempor incididunt ut labore et dolore magna aliqua. ', 'www.adresse.com'),
(111, 'Saxe', 'Henry', '', 'Lorem ipsum dolor sit amet, consectetur adipiscing elit, sed do eiusmod tempor incididunt ut labore et dolore magna aliqua. ', 'www.adresse.com'),
(112, 'Schleeh', 'Hans', '', 'Lorem ipsum dolor sit amet, consectetur adipiscing elit, sed do eiusmod tempor incididunt ut labore et dolore magna aliqua. ', 'www.adresse.com'),
(113, 'Sebastian', '', '', 'Lorem ipsum dolor sit amet, consectetur adipiscing elit, sed do eiusmod tempor incididunt ut labore et dolore magna aliqua. ', 'www.adresse.com'),
(176, 'Si Tu', 'Jie', '', 'Lorem ipsum dolor sit amet, consectetur adipiscing elit, sed do eiusmod tempor incididunt ut labore et dolore magna aliqua. ', 'www.adresse.com'),
(114, 'Signori', 'Carlos Sergio', '', 'Lorem ipsum dolor sit amet, consectetur adipiscing elit, sed do eiusmod tempor incididunt ut labore et dolore magna aliqua. ', 'www.adresse.com'),
(115, 'Sklavos', 'Yérassimo (Gerasimos)', '', 'Lorem ipsum dolor sit amet, consectetur adipiscing elit, sed do eiusmod tempor incididunt ut labore et dolore magna aliqua. ', 'www.adresse.com'),
(116, 'Szekely', 'Pierre', '', 'Lorem ipsum dolor sit amet, consectetur adipiscing elit, sed do eiusmod tempor incididunt ut labore et dolore magna aliqua. ', 'www.adresse.com'),
(177, 'Taccola', 'U', '', 'Lorem ipsum dolor sit amet, consectetur adipiscing elit, sed do eiusmod tempor incididunt ut labore et dolore magna aliqua. ', 'www.adresse.com'),
(178, 'Zaccarella', 'A', '', 'Lorem ipsum dolor sit amet, consectetur adipiscing elit, sed do eiusmod tempor incididunt ut labore et dolore magna aliqua. ', 'www.adresse.com'),
(179, 'Taylor', 'William Hughes', '', 'Lorem ipsum dolor sit amet, consectetur adipiscing elit, sed do eiusmod tempor incididunt ut labore et dolore magna aliqua. ', 'www.adresse.com'),
(180, 'Tett', 'Alison', '', 'Lorem ipsum dolor sit amet, consectetur adipiscing elit, sed do eiusmod tempor incididunt ut labore et dolore magna aliqua. ', 'www.adresse.com'),
(191, 'Yamazaki', 'Katsuhiro', 'Atelier TAG', 'Lorem ipsum dolor sit amet, consectetur adipiscing elit, sed do eiusmod tempor incididunt ut labore et dolore magna aliqua. ', 'www.adresse.com'),
(117, 'Théberge', 'Claude', '', 'Lorem ipsum dolor sit amet, consectetur adipiscing elit, sed do eiusmod tempor incididunt ut labore et dolore magna aliqua. ', 'www.adresse.com'),
(181, 'Gendreau', 'Marcel', '', 'Lorem ipsum dolor sit amet, consectetur adipiscing elit, sed do eiusmod tempor incididunt ut labore et dolore magna aliqua. ', 'www.adresse.com'),
(118, 'Thorvaldsen', 'Berthel', '', 'Lorem ipsum dolor sit amet, consectetur adipiscing elit, sed do eiusmod tempor incididunt ut labore et dolore magna aliqua. ', 'www.adresse.com'),
(182, 'Topham', 'William Thurston', '', 'Lorem ipsum dolor sit amet, consectetur adipiscing elit, sed do eiusmod tempor incididunt ut labore et dolore magna aliqua. ', 'www.adresse.com'),
(119, 'Toto', 'Carlos Maria', '', 'Lorem ipsum dolor sit amet, consectetur adipiscing elit, sed do eiusmod tempor incididunt ut labore et dolore magna aliqua. ', 'www.adresse.com'),
(120, 'Trudeau', 'Yves', '', 'Lorem ipsum dolor sit amet, consectetur adipiscing elit, sed do eiusmod tempor incididunt ut labore et dolore magna aliqua. ', 'www.adresse.com'),
(121, 'Vaillancourt', 'Armand', '', 'Lorem ipsum dolor sit amet, consectetur adipiscing elit, sed do eiusmod tempor incididunt ut labore et dolore magna aliqua. ', 'www.adresse.com'),
(122, 'Valade', 'Dominique', '', 'Lorem ipsum dolor sit amet, consectetur adipiscing elit, sed do eiusmod tempor incididunt ut labore et dolore magna aliqua. ', 'www.adresse.com'),
(183, 'Van Der Heide', 'Herman J.', '', 'Lorem ipsum dolor sit amet, consectetur adipiscing elit, sed do eiusmod tempor incididunt ut labore et dolore magna aliqua. ', 'www.adresse.com'),
(123, 'Vazan', 'Bill', '', 'Lorem ipsum dolor sit amet, consectetur adipiscing elit, sed do eiusmod tempor incididunt ut labore et dolore magna aliqua. ', 'www.adresse.com'),
(184, 'Végiard', 'Alfonse', '', 'Lorem ipsum dolor sit amet, consectetur adipiscing elit, sed do eiusmod tempor incididunt ut labore et dolore magna aliqua. ', 'www.adresse.com'),
(185, 'Vermette', 'Claude', '', 'Lorem ipsum dolor sit amet, consectetur adipiscing elit, sed do eiusmod tempor incididunt ut labore et dolore magna aliqua. ', 'www.adresse.com'),
(124, 'Viger', 'Louise', '', 'Lorem ipsum dolor sit amet, consectetur adipiscing elit, sed do eiusmod tempor incididunt ut labore et dolore magna aliqua. ', 'www.adresse.com'),
(125, 'Vincent', 'Joseph-Arthur', '', 'Lorem ipsum dolor sit amet, consectetur adipiscing elit, sed do eiusmod tempor incididunt ut labore et dolore magna aliqua. ', 'www.adresse.com'),
(126, 'Vivot', 'Léa', '', 'Lorem ipsum dolor sit amet, consectetur adipiscing elit, sed do eiusmod tempor incididunt ut labore et dolore magna aliqua. ', 'www.adresse.com'),
(127, 'Wade', 'George Edward', '', 'Lorem ipsum dolor sit amet, consectetur adipiscing elit, sed do eiusmod tempor incididunt ut labore et dolore magna aliqua. ', 'www.adresse.com'),
(128, 'Widgery', 'Catherine', '', 'Lorem ipsum dolor sit amet, consectetur adipiscing elit, sed do eiusmod tempor incididunt ut labore et dolore magna aliqua. ', 'www.adresse.com'),
(129, 'Winant', 'Alice', '', 'Lorem ipsum dolor sit amet, consectetur adipiscing elit, sed do eiusmod tempor incididunt ut labore et dolore magna aliqua. ', 'www.adresse.com'),
(130, 'Witebsky', 'Shirley', '', 'Lorem ipsum dolor sit amet, consectetur adipiscing elit, sed do eiusmod tempor incididunt ut labore et dolore magna aliqua. ', 'www.adresse.com'),
(131, 'Wood', 'Marshall', '', 'Lorem ipsum dolor sit amet, consectetur adipiscing elit, sed do eiusmod tempor incididunt ut labore et dolore magna aliqua. ', 'www.adresse.com'),
(104, 'Pelletier', 'Luce', '', 'Lorem ipsum dolor sit amet, consectetur adipiscing elit, sed do eiusmod tempor incididunt ut labore et dolore magna aliqua. ', 'www.adresse.com'),
(61, 'Hannah', 'Adad', '', 'Lorem ipsum dolor sit amet, consectetur adipiscing elit, sed do eiusmod tempor incididunt ut labore et dolore magna aliqua. ', 'www.adresse.com'),
(194, 'Lauda', 'Jiri Georges', '', 'Lorem ipsum dolor sit amet, consectetur adipiscing elit, sed do eiusmod tempor incididunt ut labore et dolore magna aliqua. ', 'www.adresse.com'),
(195, 'Pannier', 'Paul', '', 'Lorem ipsum dolor sit amet, consectetur adipiscing elit, sed do eiusmod tempor incididunt ut labore et dolore magna aliqua. ', 'www.adresse.com'),
(9, 'Bélanger', 'Gwenaël', '', 'Lorem ipsum dolor sit amet, consectetur adipiscing elit, sed do eiusmod tempor incididunt ut labore et dolore magna aliqua. ', 'www.adresse.com'),
(12, 'Besner', 'Jean-Jacques', '', 'Lorem ipsum dolor sit amet, consectetur adipiscing elit, sed do eiusmod tempor incididunt ut labore et dolore magna aliqua. ', 'www.adresse.com'),
(199, '', '', 'Daily tous les jours', 'Lorem ipsum dolor sit amet, consectetur adipiscing elit, sed do eiusmod tempor incididunt ut labore et dolore magna aliqua. ', 'www.adresse.com'),
(196, 'Montillaud', 'Francis', '', 'Lorem ipsum dolor sit amet, consectetur adipiscing elit, sed do eiusmod tempor incididunt ut labore et dolore magna aliqua. ', 'www.adresse.com'),
(197, 'Wilson', 'Robert', '', 'Lorem ipsum dolor sit amet, consectetur adipiscing elit, sed do eiusmod tempor incididunt ut labore et dolore magna aliqua. ', 'www.adresse.com'),
(13, 'Bisson', 'Yvette', '', 'Lorem ipsum dolor sit amet, consectetur adipiscing elit, sed do eiusmod tempor incididunt ut labore et dolore magna aliqua. ', 'www.adresse.com'),
(200, 'Sylvain', 'Catherine', '', 'Lorem ipsum dolor sit amet, consectetur adipiscing elit, sed do eiusmod tempor incididunt ut labore et dolore magna aliqua. ', 'www.adresse.com'),
(202, '', '', 'BGL', 'Lorem ipsum dolor sit amet, consectetur adipiscing elit, sed do eiusmod tempor incididunt ut labore et dolore magna aliqua. ', 'www.adresse.com');

-- --------------------------------------------------------

--
-- Structure de la table `artiste_oeuvre`
--

CREATE TABLE `artiste_oeuvre` (
  `id_artiste` int(11) NOT NULL,
  `id_oeuvre` int(11) NOT NULL
) ENGINE=MyISAM DEFAULT CHARSET=utf8;

--
-- Contenu de la table `artiste_oeuvre`
--

INSERT INTO `artiste_oeuvre` (`id_artiste`, `id_oeuvre`) VALUES
(1, 1),
(2, 2),
(2, 3),
(3, 4),
(3, 5),
(4, 6),
(5, 7),
(6, 8),
(132, 9),
(133, 10),
(201, 11),
(134, 12),
(134, 13),
(134, 14),
(134, 15),
(134, 16),
(134, 17),
(135, 18),
(135, 19),
(7, 20),
(136, 21),
(8, 22),
(11, 23),
(137, 24),
(14, 25),
(138, 26),
(138, 27),
(138, 28),
(138, 29),
(138, 30),
(139, 32),
(140, 32),
(141, 33),
(17, 34),
(17, 36),
(77, 36),
(18, 37),
(18, 38),
(19, 39),
(19, 40),
(20, 41),
(21, 42),
(23, 43),
(24, 44),
(25, 45),
(26, 46),
(26, 47),
(26, 48),
(143, 49),
(27, 50),
(28, 51),
(30, 52),
(145, 53),
(31, 54),
(31, 55),
(147, 56),
(147, 57),
(147, 58),
(147, 61),
(187, 61),
(190, 61),
(32, 62),
(33, 63),
(34, 64),
(34, 65),
(34, 66),
(35, 67),
(36, 68),
(37, 69),
(38, 70),
(148, 71),
(39, 72),
(40, 73),
(149, 74),
(41, 75),
(41, 76),
(42, 77),
(43, 78),
(44, 79),
(45, 80),
(46, 81),
(47, 82),
(48, 83),
(150, 84),
(151, 85),
(152, 86),
(152, 87),
(154, 88),
(49, 89),
(49, 90),
(49, 91),
(49, 92),
(49, 93),
(51, 94),
(52, 96),
(155, 96),
(53, 97),
(54, 98),
(55, 99),
(56, 100),
(57, 101),
(57, 102),
(57, 103),
(57, 104),
(57, 105),
(58, 106),
(58, 107),
(58, 109),
(186, 109),
(59, 110),
(60, 111),
(60, 112),
(62, 113),
(156, 114),
(63, 115),
(64, 116),
(64, 117),
(64, 118),
(65, 119),
(66, 120),
(66, 121),
(66, 122),
(158, 123),
(68, 125),
(198, 125),
(69, 126),
(70, 127),
(159, 128),
(71, 129),
(72, 130),
(72, 131),
(72, 132),
(72, 133),
(72, 134),
(160, 135),
(73, 136),
(73, 137),
(73, 138),
(74, 139),
(74, 140),
(161, 141),
(162, 142),
(75, 143),
(76, 144),
(77, 145),
(77, 146),
(77, 147),
(77, 148),
(77, 149),
(78, 150),
(79, 151),
(79, 152),
(79, 153),
(79, 154),
(79, 155),
(81, 156),
(82, 157),
(84, 158),
(84, 159),
(84, 160),
(84, 161),
(84, 162),
(83, 163),
(83, 164),
(83, 165),
(86, 166),
(87, 167),
(87, 168),
(163, 169),
(67, 171),
(88, 171),
(164, 172),
(164, 173),
(89, 174),
(89, 175),
(89, 176),
(90, 177),
(90, 178),
(90, 179),
(188, 180),
(91, 181),
(165, 182),
(92, 183),
(92, 184),
(167, 185),
(168, 186),
(168, 187),
(93, 188),
(94, 189),
(95, 190),
(96, 191),
(170, 193),
(97, 194),
(171, 195),
(99, 196),
(172, 197),
(101, 198),
(173, 199),
(102, 200),
(103, 201),
(105, 202),
(106, 203),
(107, 204),
(175, 205),
(189, 206),
(108, 207),
(108, 208),
(108, 209),
(108, 210),
(109, 211),
(110, 212),
(111, 213),
(112, 214),
(113, 215),
(176, 216),
(114, 217),
(115, 218),
(177, 220),
(178, 220),
(179, 221),
(180, 222),
(180, 224),
(191, 224),
(117, 225),
(117, 227),
(181, 227),
(118, 228),
(182, 229),
(119, 230),
(120, 231),
(120, 232),
(120, 233),
(121, 234),
(121, 235),
(121, 236),
(121, 237),
(121, 238),
(122, 239),
(122, 240),
(122, 241),
(183, 242),
(123, 243),
(123, 244),
(123, 245),
(185, 246),
(124, 247),
(125, 248),
(126, 249),
(127, 250),
(128, 251),
(128, 252),
(129, 253),
(130, 254),
(131, 255),
(61, 256),
(9, 257),
(12, 258),
(199, 259),
(196, 260),
(197, 261),
(202, 262);

-- --------------------------------------------------------

--
-- Structure de la table `a_visiter`
--

CREATE TABLE `a_visiter` (
  `id_user` int(11) NOT NULL,
  `id_oeuvre` int(11) NOT NULL
) ENGINE=MyISAM DEFAULT CHARSET=utf8;

-- --------------------------------------------------------

--
-- Structure de la table `categorie`
--

CREATE TABLE `categorie` (
  `id_categorie` int(11) NOT NULL,
  `Nom` varchar(200) NOT NULL
) ENGINE=MyISAM DEFAULT CHARSET=utf8;

--
-- Contenu de la table `categorie`
--

INSERT INTO `categorie` (`id_categorie`, `Nom`) VALUES
(1, 'Beaux-arts'),
(2, 'Arts décoratifs');

-- --------------------------------------------------------

--
-- Structure de la table `categorie_oeuvre`
--

CREATE TABLE `categorie_oeuvre` (
  `id_categorie` int(11) NOT NULL,
  `id_oeuvre` int(11) NOT NULL
) ENGINE=MyISAM DEFAULT CHARSET=utf8;

--
-- Contenu de la table `categorie_oeuvre`
--

INSERT INTO `categorie_oeuvre` (`id_categorie`, `id_oeuvre`) VALUES
(1, 299),
(1, 298),
(1, 297),
(1, 296),
(1, 295),
(1, 294),
(1, 293),
(1, 292),
(1, 291),
(1, 290),
(1, 289),
(1, 288),
(1, 287),
(1, 286),
(1, 285),
(1, 284),
(1, 283),
(1, 282),
(1, 281),
(1, 280),
(1, 279),
(1, 278),
(1, 277),
(1, 276),
(1, 275),
(1, 274),
(1, 273),
(1, 272),
(1, 271),
(1, 270),
(1, 269),
(1, 268),
(1, 267),
(1, 266),
(1, 265),
(1, 264),
(1, 263),
(1, 262),
(1, 261),
(1, 260),
(1, 259),
(1, 258),
(1, 257),
(1, 256),
(1, 255),
(1, 254),
(1, 253),
(1, 252),
(1, 251),
(1, 250),
(1, 249),
(1, 248),
(1, 247),
(1, 246),
(1, 245),
(1, 244),
(1, 243),
(1, 242),
(1, 241),
(1, 240),
(1, 239),
(1, 238),
(1, 237),
(1, 236),
(1, 234),
(1, 233),
(1, 232),
(1, 230),
(1, 229),
(1, 228),
(1, 227),
(1, 226),
(1, 225),
(1, 224),
(1, 223),
(1, 222),
(1, 221),
(1, 220),
(1, 219),
(1, 218),
(1, 217),
(1, 215),
(1, 214),
(1, 213),
(1, 212),
(1, 211),
(1, 210),
(1, 209),
(1, 208),
(1, 207),
(1, 206),
(1, 205),
(1, 204),
(1, 203),
(1, 202),
(1, 201),
(1, 200),
(1, 199),
(1, 198),
(1, 196),
(1, 195),
(1, 194),
(1, 193),
(1, 192),
(1, 191),
(1, 190),
(1, 189),
(1, 188),
(1, 187),
(1, 186),
(1, 185),
(1, 184),
(1, 183),
(1, 181),
(1, 180),
(1, 179),
(1, 178),
(1, 177),
(1, 176),
(1, 175),
(1, 174),
(1, 173),
(1, 172),
(1, 171),
(1, 170),
(1, 169),
(1, 168),
(1, 167),
(1, 166),
(1, 165),
(1, 164),
(1, 163),
(1, 162),
(1, 161),
(1, 160),
(1, 159),
(1, 158),
(1, 157),
(1, 156),
(1, 155),
(1, 154),
(1, 153),
(1, 152),
(1, 151),
(1, 150),
(1, 149),
(1, 148),
(1, 147),
(1, 146),
(1, 145),
(1, 144),
(1, 143),
(1, 142),
(1, 141),
(1, 140),
(1, 139),
(1, 138),
(1, 137),
(1, 136),
(1, 133),
(1, 132),
(1, 131),
(1, 130),
(1, 129),
(1, 128),
(1, 127),
(1, 126),
(1, 125),
(1, 124),
(1, 123),
(1, 122),
(1, 120),
(1, 119),
(1, 118),
(1, 117),
(1, 116),
(1, 115),
(1, 114),
(1, 113),
(1, 112),
(1, 111),
(1, 110),
(1, 109),
(1, 108),
(1, 107),
(1, 106),
(1, 105),
(1, 104),
(1, 103),
(1, 102),
(1, 101),
(1, 100),
(1, 99),
(1, 98),
(1, 97),
(1, 96),
(1, 95),
(1, 94),
(1, 93),
(1, 92),
(1, 91),
(1, 90),
(1, 89),
(1, 88),
(1, 87),
(1, 86),
(1, 85),
(1, 84),
(1, 83),
(1, 82),
(1, 81),
(1, 80),
(1, 79),
(1, 78),
(1, 77),
(1, 76),
(1, 75),
(1, 74),
(1, 73),
(1, 72),
(1, 71),
(1, 70),
(1, 69),
(1, 68),
(1, 67),
(1, 66),
(1, 65),
(1, 64),
(1, 63),
(1, 62),
(1, 61),
(1, 60),
(1, 59),
(1, 58),
(1, 57),
(1, 56),
(1, 55),
(1, 54),
(1, 53),
(1, 52),
(1, 51),
(1, 50),
(1, 49),
(1, 48),
(1, 46),
(1, 45),
(1, 44),
(1, 43),
(1, 42),
(1, 41),
(1, 40),
(1, 39),
(1, 38),
(1, 37),
(1, 36),
(1, 35),
(1, 34),
(1, 33),
(1, 32),
(1, 31),
(1, 30),
(1, 29),
(1, 28),
(1, 27),
(1, 26),
(1, 25),
(1, 24),
(1, 23),
(1, 22),
(1, 21),
(1, 20),
(1, 19),
(1, 18),
(1, 16),
(1, 11),
(1, 10),
(1, 9),
(1, 8),
(1, 7),
(1, 6),
(1, 5),
(1, 4),
(1, 3),
(1, 2),
(1, 1),
(2, 12),
(2, 13),
(2, 14),
(2, 15),
(2, 17),
(2, 47),
(2, 121),
(2, 134),
(2, 135),
(2, 182),
(2, 197),
(2, 216),
(2, 231),
(2, 235);

-- --------------------------------------------------------

--
-- Structure de la table `favoris`
--

CREATE TABLE `favoris` (
  `id_user` int(11) NOT NULL,
  `id_oeuvre` int(11) NOT NULL
) ENGINE=MyISAM DEFAULT CHARSET=utf8;

-- --------------------------------------------------------

--
-- Structure de la table `materiaux`
--

CREATE TABLE `materiaux` (
  `id_mat` int(11) NOT NULL COMMENT 'Selon le NoInterne',
  `Nom` varchar(200) NOT NULL
) ENGINE=MyISAM DEFAULT CHARSET=utf8;

--
-- Contenu de la table `materiaux`
--

INSERT INTO `materiaux` (`id_mat`, `Nom`) VALUES
(1, 'Bronze'),
(2, 'Acier corten'),
(3, 'Granit'),
(5, 'Fer'),
(4, 'Ciment'),
(6, 'Peinture'),
(7, 'Calcaire'),
(8, 'Acier inoxydable'),
(9, 'Verre trempé'),
(10, 'Aluminium'),
(11, 'DEL'),
(12, 'Verre'),
(13, 'Plexiglas'),
(14, 'Papier'),
(15, 'Acier'),
(16, 'Acier brut'),
(17, 'Acier peint'),
(18, 'Tissu'),
(19, 'Bois'),
(20, 'Nylon'),
(21, 'Schiste'),
(22, 'Céramique'),
(23, 'Travertin'),
(24, 'Pierre'),
(25, 'Béton'),
(26, 'Pierre de Rivière-à-Pierre'),
(27, 'Encre de sérigraphie'),
(28, 'Granit vert laurentie'),
(29, 'Plantes indigènes'),
(30, 'Fonte'),
(31, 'Pavé'),
(32, 'Eau'),
(33, 'Laiton'),
(34, 'Émail'),
(35, 'Acier galvanisé'),
(36, 'Époxy'),
(37, 'Miroir'),
(38, 'Métal'),
(39, 'Anorthosite'),
(40, 'Plantes'),
(41, 'Acier chromé'),
(42, 'Lumière'),
(43, 'Néon'),
(44, 'Brique'),
(45, 'Mortier'),
(46, 'Luminaire'),
(47, 'Végétaux'),
(48, 'Bronze chromé'),
(49, 'Asphalte'),
(50, 'Criblure granitique'),
(51, 'Grès'),
(52, 'Marbre'),
(53, 'Plomb'),
(54, 'Fibre de verre'),
(55, 'Résine'),
(56, 'Arbres'),
(57, 'Ardoise'),
(58, 'Silicone'),
(59, 'Matériaux divers'),
(60, 'Pigments métalliques'),
(61, 'Gésso'),
(62, 'Acier intempérique'),
(63, 'Cuivre'),
(64, 'Pierre indiana'),
(65, 'Pigments'),
(66, 'Résine de copolyester'),
(67, 'Impression'),
(68, 'Béton ductal'),
(69, 'Composantes technologiques');

-- --------------------------------------------------------

--
-- Structure de la table `materiaux_oeuvre`
--

CREATE TABLE `materiaux_oeuvre` (
  `id_materiaux` int(11) NOT NULL,
  `id_oeuvre` int(11) DEFAULT NULL
) ENGINE=MyISAM DEFAULT CHARSET=utf8;

--
-- Contenu de la table `materiaux_oeuvre`
--

INSERT INTO `materiaux_oeuvre` (`id_materiaux`, `id_oeuvre`) VALUES
(1, 1),
(1, 21),
(1, 23),
(1, 39),
(1, 40),
(1, 44),
(1, 45),
(1, 56),
(1, 57),
(1, 64),
(1, 66),
(1, 70),
(1, 73),
(1, 74),
(1, 79),
(1, 80),
(1, 88),
(1, 93),
(1, 109),
(1, 111),
(1, 112),
(1, 113),
(1, 115),
(1, 116),
(1, 124),
(1, 125),
(1, 128),
(1, 129),
(1, 131),
(1, 132),
(1, 133),
(1, 134),
(1, 136),
(1, 137),
(1, 138),
(1, 142),
(1, 145),
(1, 147),
(1, 148),
(1, 149),
(1, 150),
(1, 151),
(1, 155),
(1, 156),
(1, 157),
(1, 158),
(1, 166),
(1, 168),
(1, 170),
(1, 179),
(1, 193),
(1, 194),
(1, 226),
(1, 231),
(1, 239),
(1, 253),
(1, 259),
(1, 261),
(1, 281),
(1, 282),
(1, 283),
(1, 286),
(1, 288),
(1, 295),
(3, 70),
(3, 67),
(3, 66),
(3, 60),
(3, 45),
(3, 44),
(3, 42),
(3, 41),
(3, 39),
(3, 23),
(3, 21),
(3, 3),
(2, 245),
(2, 233),
(2, 194),
(2, 187),
(2, 180),
(2, 108),
(2, 101),
(2, 83),
(12, 7),
(2, 3),
(2, 2),
(3, 75),
(3, 76),
(3, 79),
(3, 80),
(3, 82),
(3, 88),
(3, 93),
(3, 104),
(3, 106),
(3, 107),
(3, 109),
(3, 112),
(3, 122),
(3, 125),
(3, 128),
(3, 131),
(3, 132),
(3, 133),
(3, 134),
(3, 136),
(3, 137),
(3, 138),
(3, 148),
(3, 149),
(3, 150),
(3, 151),
(3, 155),
(3, 156),
(3, 163),
(3, 167),
(3, 168),
(3, 170),
(3, 172),
(3, 197),
(3, 199),
(3, 201),
(3, 216),
(3, 226),
(3, 228),
(3, 231),
(3, 238),
(3, 239),
(3, 247),
(3, 249),
(3, 251),
(3, 256),
(3, 257),
(3, 270),
(3, 271),
(3, 272),
(3, 273),
(3, 276),
(3, 277),
(3, 283),
(3, 288),
(3, 289),
(3, 298),
(4, 4),
(4, 5),
(4, 82),
(4, 85),
(4, 86),
(4, 105),
(4, 165),
(4, 232),
(4, 242),
(4, 246),
(4, 272),
(5, 4),
(5, 5),
(5, 281),
(6, 4),
(6, 5),
(6, 17),
(6, 55),
(6, 82),
(6, 85),
(6, 86),
(6, 103),
(6, 105),
(6, 153),
(6, 160),
(6, 197),
(6, 213),
(6, 220),
(6, 236),
(6, 258),
(6, 268),
(6, 269),
(7, 6),
(7, 9),
(7, 47),
(7, 61),
(7, 69),
(7, 94),
(7, 125),
(7, 191),
(7, 197),
(7, 204),
(7, 229),
(7, 235),
(7, 272),
(7, 287),
(9, 7),
(8, 8),
(8, 42),
(8, 49),
(8, 60),
(8, 66),
(8, 68),
(8, 73),
(8, 78),
(8, 104),
(8, 109),
(8, 111),
(8, 114),
(8, 115),
(8, 116),
(8, 119),
(8, 122),
(8, 169),
(8, 199),
(8, 203),
(8, 218),
(8, 224),
(8, 234),
(8, 242),
(8, 245),
(8, 256),
(8, 280),
(8, 292),
(8, 293),
(8, 295),
(8, 296),
(8, 299),
(8, 7),
(10, 10),
(10, 37),
(10, 38),
(10, 46),
(10, 48),
(10, 63),
(10, 65),
(10, 77),
(10, 90),
(10, 99),
(10, 117),
(10, 126),
(10, 141),
(10, 164),
(10, 167),
(10, 197),
(10, 198),
(10, 208),
(10, 209),
(10, 215),
(10, 224),
(10, 236),
(10, 264),
(10, 272),
(10, 274),
(10, 284),
(10, 289),
(10, 298),
(10, 299),
(11, 10),
(11, 299),
(13, 19),
(13, 91),
(13, 299),
(3, 7),
(12, 19),
(12, 37),
(12, 59),
(12, 104),
(12, 107),
(12, 144),
(12, 159),
(12, 161),
(12, 178),
(12, 179),
(12, 186),
(12, 195),
(12, 220),
(12, 223),
(12, 224),
(12, 234),
(12, 236),
(12, 242),
(12, 267),
(14, 20),
(14, 81),
(14, 126),
(14, 221),
(14, 223),
(16, 28),
(16, 213),
(16, 234),
(16, 285),
(17, 28),
(17, 29),
(17, 52),
(17, 53),
(17, 54),
(17, 182),
(17, 248),
(18, 37),
(18, 81),
(19, 37),
(19, 59),
(19, 81),
(19, 85),
(19, 91),
(19, 100),
(19, 109),
(19, 140),
(19, 143),
(19, 171),
(19, 185),
(19, 220),
(19, 221),
(19, 223),
(19, 236),
(20, 46),
(20, 59),
(20, 81),
(20, 146),
(21, 51),
(22, 55),
(22, 89),
(22, 160),
(22, 195),
(22, 257),
(22, 258),
(22, 291),
(23, 56),
(24, 58),
(24, 66),
(24, 98),
(24, 114),
(24, 148),
(24, 171),
(24, 176),
(24, 192),
(24, 205),
(24, 239),
(24, 267),
(24, 275),
(25, 48),
(25, 60),
(25, 61),
(25, 64),
(25, 66),
(25, 72),
(25, 73),
(25, 78),
(25, 80),
(25, 92),
(25, 94),
(25, 107),
(25, 108),
(25, 110),
(25, 111),
(25, 114),
(25, 123),
(25, 135),
(25, 145),
(25, 152),
(25, 153),
(25, 154),
(25, 159),
(25, 163),
(25, 164),
(25, 165),
(25, 166),
(25, 167),
(25, 168),
(25, 169),
(25, 172),
(25, 179),
(25, 183),
(25, 184),
(25, 190),
(25, 196),
(25, 198),
(25, 199),
(25, 204),
(25, 214),
(25, 222),
(25, 226),
(25, 229),
(25, 239),
(25, 243),
(25, 252),
(25, 257),
(25, 259),
(25, 267),
(25, 285),
(25, 294),
(25, 66),
(26, 66),
(27, 67),
(28, 67),
(28, 67),
(29, 69),
(30, 71),
(30, 148),
(30, 177),
(30, 206),
(30, 211),
(30, 212),
(30, 241),
(30, 265),
(30, 266),
(30, 268),
(30, 281),
(31, 72),
(32, 72),
(32, 73),
(32, 114),
(32, 257),
(33, 66),
(33, 75),
(33, 115),
(33, 116),
(33, 118),
(33, 119),
(33, 145),
(33, 194),
(33, 236),
(35, 299),
(35, 284),
(35, 205),
(35, 197),
(35, 178),
(35, 118),
(35, 117),
(35, 90),
(35, 77),
(34, 75),
(36, 82),
(36, 100),
(36, 179),
(36, 197),
(36, 266),
(37, 85),
(38, 86),
(38, 100),
(38, 109),
(38, 165),
(38, 192),
(38, 223),
(38, 279),
(39, 87),
(40, 69),
(40, 89),
(41, 92),
(42, 74),
(42, 92),
(42, 107),
(42, 255),
(43, 104),
(43, 144),
(43, 238),
(44, 105),
(44, 198),
(44, 273),
(45, 105),
(45, 130),
(45, 216),
(46, 109),
(47, 120),
(47, 271),
(47, 273),
(48, 111),
(49, 120),
(50, 122),
(51, 128),
(51, 130),
(51, 197),
(51, 204),
(51, 261),
(52, 43),
(52, 128),
(52, 129),
(52, 163),
(52, 197),
(52, 249),
(52, 250),
(52, 251),
(52, 252),
(53, 144),
(54, 159),
(54, 179),
(54, 234),
(55, 159),
(55, 179),
(55, 228),
(55, 234),
(55, 290),
(56, 163),
(57, 186),
(58, 59),
(58, 186),
(59, 188),
(60, 192),
(2, 7),
(3, 1),
(61, 196),
(62, 38),
(62, 208),
(63, 228),
(63, 231),
(63, 247),
(64, 239),
(65, 192),
(65, 273),
(65, 279),
(66, 290),
(67, 290),
(68, 294),
(69, 294);

-- --------------------------------------------------------

--
-- Structure de la table `oeuvre`
--

CREATE TABLE `oeuvre` (
  `id_oeuvre` int(11) NOT NULL,
  `Titre` varchar(200) DEFAULT NULL,
  `NomCollection` varchar(200) DEFAULT NULL,
  `NomCollectionAng` varchar(200) DEFAULT NULL,
  `Technique` varchar(200) DEFAULT NULL,
  `TechniqueAng` varchar(200) DEFAULT NULL,
  `Dimensions` varchar(200) DEFAULT NULL,
  `Arrondissement` varchar(200) DEFAULT NULL,
  `Batiment` varchar(200) DEFAULT NULL,
  `AdresseCivique` varchar(200) DEFAULT NULL,
  `CoordonneeLatitude` varchar(100) DEFAULT NULL,
  `CoordonneeLongitude` varchar(100) DEFAULT NULL,
  `dateCreation` varchar(255) DEFAULT NULL,
  `Description` varchar(1000) NOT NULL DEFAULT 'Lorem ipsum dolor sit amet, consectetur adipiscing elit, sed do eiusmod tempor incididunt ut labore et dolore magna aliqua. '
) ENGINE=MyISAM DEFAULT CHARSET=utf8;

--
-- Contenu de la table `oeuvre`
--

INSERT INTO `oeuvre` (`id_oeuvre`, `Titre`, `NomCollection`, `NomCollectionAng`, `Technique`, `TechniqueAng`, `Dimensions`, `Arrondissement`, `Batiment`, `AdresseCivique`, `CoordonneeLatitude`, `CoordonneeLongitude`, `dateCreation`, `Description`) VALUES
(1, 'Source', 'Art public', 'Public art', 'Bronze coulé  boulonné', 'Cast bronze  bolted', '549 x 466 x 466 cm', 'Côte-des-Neiges–Notre-Dame-de-Grâce', 'Centre sportif Notre-Dame-de Grâce', '6445, avenue Monkland, Montréal', '45.4664050', '-73.6316480', '12/03/2010', 'Lorem ipsum dolor sit amet, consectetur adipiscing elit, sed do eiusmod tempor incididunt ut labore et dolore magna aliqua. '),
(2, 'Porte de jour', 'Art public', 'Public art', 'Soudé', 'Welded', '298 x 350 x 1070 cm', 'Ville-Marie', NULL, NULL, '45.5120900', '-73.5509790', '08/26/2004', 'Lorem ipsum dolor sit amet, consectetur adipiscing elit, sed do eiusmod tempor incididunt ut labore et dolore magna aliqua. '),
(3, 'Regarder les pommetiers', 'Art public', 'Public art', 'Taillé  assemblé', 'Carved  assembled', '294 x 600 x 182', 'Rosemont–La Petite-Patrie', 'Jardin botanique', '4101, rue Sherbrooke Est, Montréal (QC) H1X 2B2', '45.5615850', '-73.5626730', '05/01/2007', 'Lorem ipsum dolor sit amet, consectetur adipiscing elit, sed do eiusmod tempor incididunt ut labore et dolore magna aliqua. '),
(4, 'Le malheureux magnifique', 'Art public', 'Public art', 'Assemblé  cimenté  peint', 'Assembled  cemented  painted', '340 x 235 x 310', 'Le Plateau-Mont-Royal', NULL, '385, rue Sherbrooke Est, Montréal, (QC) H2X 3L1', '45.5169070', '-73.5678460', '09/11/1972', 'Lorem ipsum dolor sit amet, consectetur adipiscing elit, sed do eiusmod tempor incididunt ut labore et dolore magna aliqua. '),
(5, 'Les clochards célestes', 'Art public', 'Public art', 'Assemblé  cimenté  peint', 'Assembled  cemented  painted', '640 x 250 x 420 cm', 'Ville-Marie', NULL, NULL, '45.5168530', '-73.5551530', '10/14/1983', 'Lorem ipsum dolor sit amet, consectetur adipiscing elit, sed do eiusmod tempor incididunt ut labore et dolore magna aliqua. '),
(6, 'Discours du roi poète', 'Art public', 'Public art', NULL, NULL, '233 X 56 X 63 cm', 'Le Sud-Ouest', NULL, NULL, '45.4723900', '-73.5847040', '12/31/1982', 'Lorem ipsum dolor sit amet, consectetur adipiscing elit, sed do eiusmod tempor incididunt ut labore et dolore magna aliqua. '),
(7, 'Hommage à Jérôme Le Royer De La Dauversière', 'Art public', 'Public art', '', '', '84 x 193 x 81', 'Ville-Marie', '', '', '45.5084930', '-73.5533000', '01/01/1999', 'Lorem ipsum dolor sit amet, consectetur adipiscing elit, sed do eiusmod tempor incididunt ut labore et dolore magna aliqua. '),
(8, 'Obélisque oblique', 'Art public', 'Public art', 'Pliées  soudées  boulonnées', 'Bends  welded  bolted', '546 x 160 x 190', 'Ville-Marie', 'Casino de Montréal', '1 Avenue du Casino, Montréal, QC H3C 4W7', '45.5060460', '-73.5267060', '01/01/1967', 'Lorem ipsum dolor sit amet, consectetur adipiscing elit, sed do eiusmod tempor incididunt ut labore et dolore magna aliqua. '),
(9, 'La source', 'Art public', 'Public art', 'Taillé', 'Carved', NULL, 'Rosemont–La Petite-Patrie', NULL, NULL, '45.5347520', '-73.6178450', '12/12/1998', 'Lorem ipsum dolor sit amet, consectetur adipiscing elit, sed do eiusmod tempor incididunt ut labore et dolore magna aliqua. '),
(10, 'Vous êtes ici', 'Intégration à l\'architecture', 'Integration with architecture', NULL, NULL, '3000 x 1000 cm', 'Mercier–Hochelaga-Maisonneuve', 'Maison de la culture Maisonneuve', '4200, rue Ontario Est, Montréal, H1V 1K1', '45.5511830', '-73.5405390', '01/01/2006', 'Lorem ipsum dolor sit amet, consectetur adipiscing elit, sed do eiusmod tempor incididunt ut labore et dolore magna aliqua. '),
(11, 'Non titré (Murale en relief et sculpture)', 'Intégration à l\'architecture', 'Integration with architecture', NULL, NULL, NULL, 'Le Plateau-Mont-Royal', 'Centre du Plateau', '2275 boul.St-Joseph Est, Montréal, (Qc) H2H 1G4', '45.5397130', '-73.5761100', '01/01/1962', 'Lorem ipsum dolor sit amet, consectetur adipiscing elit, sed do eiusmod tempor incididunt ut labore et dolore magna aliqua. '),
(12, 'Non titré (Vitraux)', 'Intégration à l\'architecture', 'Integration with architecture', NULL, NULL, NULL, 'Ville-Marie', 'Hôtel de Ville de Montréal', '275 Rue Notre-Dame Est, Montréal, QC H2Y 1C6', '45.5088160', '-73.5540690', 'NULL', 'Lorem ipsum dolor sit amet, consectetur adipiscing elit, sed do eiusmod tempor incididunt ut labore et dolore magna aliqua. '),
(13, 'Non titré (Vitraux)', 'Intégration à l\'architecture', 'Integration with architecture', NULL, NULL, NULL, 'Le Plateau-Mont-Royal', 'Bibliothèque Mile-End', '5434 Avenue du Parc, Montréal, QC H2V 4G7', '45.5217780', '-73.6015480', 'NULL', 'Lorem ipsum dolor sit amet, consectetur adipiscing elit, sed do eiusmod tempor incididunt ut labore et dolore magna aliqua. '),
(14, 'Non titré (Vitraux)', 'Intégration à l\'architecture', 'Integration with architecture', NULL, NULL, NULL, 'Ville-Marie', 'Édifice Gaston-Miron', '1210, rue Sherbrooke Est, Montréal (Québec) H2L 1L9', '45.5227410', '-73.5653310', '01/01/1917', 'Lorem ipsum dolor sit amet, consectetur adipiscing elit, sed do eiusmod tempor incididunt ut labore et dolore magna aliqua. '),
(15, 'Non titré (Vitraux)', 'Intégration à l\'architecture', 'Integration with architecture', NULL, NULL, NULL, 'Le Plateau-Mont-Royal', 'Centre Laurier', '1115 Laurier Est, Montréal', '45.5318140', '-73.5871310', '01/01/1930', 'Lorem ipsum dolor sit amet, consectetur adipiscing elit, sed do eiusmod tempor incididunt ut labore et dolore magna aliqua. '),
(16, 'Non titré (Murale inuit)', 'Intégration à l\'architecture', 'Integration with architecture', NULL, NULL, NULL, 'Ville-Marie', 'Pavillon de l\'administration, parc Jean-Drapeau', '1 Circuit Gilles Villeneuve Île Notre-Dame, Montréal, Québec, H3C 1A9', '45.5037920', '-73.5293220', '01/01/1967', 'Lorem ipsum dolor sit amet, consectetur adipiscing elit, sed do eiusmod tempor incididunt ut labore et dolore magna aliqua. '),
(17, 'Non titré (Murale peinte)', 'Intégration à l\'architecture', 'Integration with architecture', 'Œuvre peinte', 'Painting', NULL, 'Rivière-des-Prairies–Pointe-aux-Trembles', 'Maison Antoine-Beaudry', '14 678 Rue Notre-Dame Est, Montréal, QC H1A 1W1', '45.6766030', '-73.4914230', 'NULL', 'Lorem ipsum dolor sit amet, consectetur adipiscing elit, sed do eiusmod tempor incididunt ut labore et dolore magna aliqua. '),
(18, 'Non titré (Fontaine, mosaïque)', 'Intégration à l\'architecture', 'Integration with architecture', NULL, NULL, NULL, 'Le Sud-Ouest', 'Station de pompage centrale (Atwater)', '3161, rue Joseph, Montréal', '45.4723080', '-73.5729440', NULL, 'Lorem ipsum dolor sit amet, consectetur adipiscing elit, sed do eiusmod tempor incididunt ut labore et dolore magna aliqua. '),
(19, 'Bibliotheca Universalis', 'Intégration à l\'architecture', 'Integration with architecture', 'Impression', 'Print', NULL, 'Côte-des-Neiges–Notre-Dame-de-Grâce', 'Bibliothèque interculturelle de Côte-des-Neiges', '6767, chemin de la Côte-des-Neiges, Montréal (Québec) H3S 2T6', '45.5031300', '-73.6369470', '01/01/2006', 'Lorem ipsum dolor sit amet, consectetur adipiscing elit, sed do eiusmod tempor incididunt ut labore et dolore magna aliqua. '),
(20, 'Chibouki', 'Intégration à l\'architecture', 'Integration with architecture', 'Impression numérique', 'Digital print', '122 x 122cm', 'Côte-des-Neiges–Notre-Dame-de-Grâce', 'Bibliothèque interculturelle de Côte-des-Neiges', '6767, chemin de la Côte-des-Neiges, Montréal, QC, H3T 1Y4', '45.5033020', '-73.6367760', '01/01/2006', 'Lorem ipsum dolor sit amet, consectetur adipiscing elit, sed do eiusmod tempor incididunt ut labore et dolore magna aliqua. '),
(21, 'La mort de Dante', 'Art public', 'Public art', 'Coulé', 'Cast', '390 x 250 x 210 cm', 'Rosemont–La Petite-Patrie', NULL, NULL, '45.5344450', '-73.6117210', '12/31/1921', 'Lorem ipsum dolor sit amet, consectetur adipiscing elit, sed do eiusmod tempor incididunt ut labore et dolore magna aliqua. '),
(22, 'Champlain visite de nouveau le site de Montréal en 1611', 'Intégration à l\'architecture', 'Integration with architecture', NULL, NULL, NULL, 'Ville-Marie', 'Chalet du parc du Mont-Royal', '1196 Voie Camillien Houde, Montréal, QC H3H 1A1', '45.5039090', '-73.5874520', NULL, 'Lorem ipsum dolor sit amet, consectetur adipiscing elit, sed do eiusmod tempor incididunt ut labore et dolore magna aliqua. '),
(23, 'Monument à Jean Vauquelin', 'Art public', 'Public art', 'Bronze coulé pierre taillée', 'Cast bronze  carved stone', '680cm x 400 cm x 400 cm approximatif', 'Ville-Marie', NULL, NULL, '45.5085880', '-73.5546550', '12/31/1927', 'Lorem ipsum dolor sit amet, consectetur adipiscing elit, sed do eiusmod tempor incididunt ut labore et dolore magna aliqua. '),
(24, 'Smoke and steel', 'Art public', 'Public art', NULL, NULL, '260 x 60 x 90 cm', 'Saint-Léonard', 'Caserne d\'incendie 22', '5455, rue Antonio-Dagenais, Saint-Léonard (Québec) H1S 2X3', '45.5827050', '-73.5857740', NULL, 'Lorem ipsum dolor sit amet, consectetur adipiscing elit, sed do eiusmod tempor incididunt ut labore et dolore magna aliqua. '),
(25, 'Le cycliste', 'Art public', 'Public art', 'Soudé  peint', 'Welded, painted', '425 x 140 x 539 cm', 'Verdun', NULL, NULL, '45.4566550', '-73.5427460', '12/31/1990', 'Lorem ipsum dolor sit amet, consectetur adipiscing elit, sed do eiusmod tempor incididunt ut labore et dolore magna aliqua. '),
(26, 'Contournement', 'Intégration à l\'architecture', 'Integration with architecture', 'Cintré et peinturé', 'Bent and painted', NULL, 'Villeray–Saint-Michel–Parc-Extension', 'Le Taz', '8931 Avenue Papineau, Montreal, QC H2M 2G2', '45.5609420', '-73.6352330', '01/01/2008', 'Lorem ipsum dolor sit amet, consectetur adipiscing elit, sed do eiusmod tempor incididunt ut labore et dolore magna aliqua. '),
(27, 'L\'arbre des générations', 'Art public', 'Public art', 'Découpé  soudé  boulonné  peint', 'Cut out  welded  bolted  painted', '385 x 275 x 548 cm', 'Lachine', 'Musée de Lachine', '1, chemin du Musée, Lachine (Québec) H8S 4L9', '45.4306990', '-73.6661130', '12/31/1987', 'Lorem ipsum dolor sit amet, consectetur adipiscing elit, sed do eiusmod tempor incididunt ut labore et dolore magna aliqua. '),
(28, 'Vire au vent', 'Art public', 'Public art', 'Soudage  boulonnage  peint', 'Welding  bolting  painted', '495 x 610 x 295 cm', 'Lachine', NULL, NULL, '45.4284800', '-73.6824510', '12/31/1988', 'Lorem ipsum dolor sit amet, consectetur adipiscing elit, sed do eiusmod tempor incididunt ut labore et dolore magna aliqua. '),
(29, 'Sans titre', 'Art public', 'Public art', 'Feuilles d\'acier coupées  soudées les unes aux autres', 'Steel sheets cut  welded to each other', '150 x 150 x 52 cm', 'Rosemont–La Petite-Patrie', 'Jardin botanique', '4101, rue Sherbrooke Est, Montréal, Québec, H1X 2B2', '45.5582180', '-73.5636440', '12/31/1961', 'Lorem ipsum dolor sit amet, consectetur adipiscing elit, sed do eiusmod tempor incididunt ut labore et dolore magna aliqua. '),
(30, 'Carte du site de Montréal par Champlain en 1611', 'Intégration à l\'architecture', 'Integration with architecture', NULL, NULL, NULL, 'Ville-Marie', 'Chalet du parc du Mont-Royal', '1196 Voie Camillien Houde, Montréal, QC H3H 1A1', '45.5039860', '-73.5875850', NULL, 'Lorem ipsum dolor sit amet, consectetur adipiscing elit, sed do eiusmod tempor incididunt ut labore et dolore magna aliqua. '),
(31, 'Les anciennes possessions françaises en Amérique', 'Intégration à l\'architecture', 'Integration with architecture', NULL, NULL, NULL, 'Ville-Marie', 'Chalet du parc du Mont-Royal', '1196 Voie Camillien Houde, Montréal, QC H3H 1A1', '45.5039690', '-73.5876230', NULL, 'Lorem ipsum dolor sit amet, consectetur adipiscing elit, sed do eiusmod tempor incididunt ut labore et dolore magna aliqua. '),
(32, 'Les voyages de Jacques Cartier au Canada en 1534 et 1535', 'Intégration à l\'architecture', 'Integration with architecture', NULL, NULL, NULL, 'Ville-Marie', 'Chalet du parc du Mont-Royal', '1196 Voie Camillien Houde, Montréal, QC H3H 1A1', '45.5039610', '-73.5876570', NULL, 'Lorem ipsum dolor sit amet, consectetur adipiscing elit, sed do eiusmod tempor incididunt ut labore et dolore magna aliqua. '),
(33, 'Montréal de 1645 à 1672', 'Intégration à l\'architecture', 'Integration with architecture', NULL, NULL, NULL, 'Ville-Marie', 'Chalet du parc du Mont-Royal', '1196 Voie Camillien Houde, Montréal, QC H3H 1A1', '45.5039450', '-73.5876970', NULL, 'Lorem ipsum dolor sit amet, consectetur adipiscing elit, sed do eiusmod tempor incididunt ut labore et dolore magna aliqua. '),
(34, 'Montréal en 1760', 'Intégration à l\'architecture', 'Integration with architecture', NULL, NULL, NULL, 'Ville-Marie', 'Chalet du parc du Mont-Royal', '1196 Voie Camillien Houde, Montréal, QC H3H 1A1', '45.5039180', '-73.5877310', NULL, 'Lorem ipsum dolor sit amet, consectetur adipiscing elit, sed do eiusmod tempor incididunt ut labore et dolore magna aliqua. '),
(35, 'Plan d\'Hochelaga par Jacques Cartier en 1535', 'Intégration à l\'architecture', 'Integration with architecture', NULL, NULL, NULL, 'Ville-Marie', 'Chalet du parc du Mont-Royal', '1196 Voie Camillien Houde, Montréal, QC H3H 1A1', '45.5038740', '-73.5877270', NULL, 'Lorem ipsum dolor sit amet, consectetur adipiscing elit, sed do eiusmod tempor incididunt ut labore et dolore magna aliqua. '),
(36, 'Jacques Cartier est reçu par le chef Agouhana', 'Intégration à l\'architecture', 'Integration with architecture', NULL, NULL, NULL, 'Ville-Marie', 'Chalet du parc du Mont-Royal', '1196 Voie Camillien Houde, Montréal, QC H3H 1A1', '45.5038420', '-73.5877070', NULL, 'Lorem ipsum dolor sit amet, consectetur adipiscing elit, sed do eiusmod tempor incididunt ut labore et dolore magna aliqua. '),
(37, 'Parades Parures', 'Intégration à l\'architecture', 'Integration with architecture', NULL, NULL, '574 x 81 x 10 cm', 'Rivière-des-Prairies–Pointe-aux-Trembles', 'Bibliothèque Rivière-des-Prairies', '9001, boulevard Perras, Montréal, Québec H1E 3J7', '45.6498030', '-73.5789610', '01/01/1999', 'Lorem ipsum dolor sit amet, consectetur adipiscing elit, sed do eiusmod tempor incididunt ut labore et dolore magna aliqua. '),
(38, 'Le village imaginé. «Le renard l\'emporte, le suit à la trace…»', 'Art public', 'Public art', 'Assemblé  soudé', 'Assembled  welded', 'Ensemble de l\'œuvre : 98 x 115 m', 'Le Sud-Ouest', NULL, NULL, '45.4751580', '-73.5588620', '06/15/2005', 'Lorem ipsum dolor sit amet, consectetur adipiscing elit, sed do eiusmod tempor incididunt ut labore et dolore magna aliqua. '),
(39, 'Monument à Jean Drapeau', 'Art public', 'Public art', 'Bronze coulé  cire perdue', 'Cast bronze  cire perdue', '287 X 200 x 200 cm', 'Ville-Marie', NULL, NULL, '45.5085300', '-73.5534200', '01/01/2001', 'Lorem ipsum dolor sit amet, consectetur adipiscing elit, sed do eiusmod tempor incididunt ut labore et dolore magna aliqua. '),
(40, 'Hommage à Maurice Richard', 'Art public', 'Public art', NULL, NULL, '221 x 327 x 182 cm', 'Mercier–Hochelaga-Maisonneuve', 'Aréna Maurice-Richard', '2800 Rue Viau, Montréal, QC H1V 3J3', '45.5626820', '-73.5469570', NULL, 'Lorem ipsum dolor sit amet, consectetur adipiscing elit, sed do eiusmod tempor incididunt ut labore et dolore magna aliqua. '),
(41, 'La montagne des jours', 'Art public', 'Public art', 'Gravé au jet de sable  poli', 'Sandblast engraving  polished', '153 X 8 cm', 'Ville-Marie', NULL, NULL, '45.5070690', '-73.5900310', '06/21/1991', 'Lorem ipsum dolor sit amet, consectetur adipiscing elit, sed do eiusmod tempor incididunt ut labore et dolore magna aliqua. '),
(42, 'Mémoire ardente', 'Art public', 'Public art', NULL, NULL, '197 x 197 x 197', 'Ville-Marie', NULL, NULL, '45.5089320', '-73.5510620', '05/17/1994', 'Lorem ipsum dolor sit amet, consectetur adipiscing elit, sed do eiusmod tempor incididunt ut labore et dolore magna aliqua. '),
(43, 'Les jours d\'été quand le fleuve monte à l\'assaut des murs, hommage à Marie Uguay', 'Intégration à l\'architecture', 'Integration with architecture', 'Mixte', 'Mixed', '86 x 117 x 10 cm', 'Côte-des-Neiges–Notre-Dame-de-Grâce', 'Bibliothèque interculturelle de Côte-des-Neiges', '6767, chemin de la Côte-des-Neiges, Montréal (Québec) H3S 2T6', '45.5031300', '-73.6369470', '01/01/2006', 'Lorem ipsum dolor sit amet, consectetur adipiscing elit, sed do eiusmod tempor incididunt ut labore et dolore magna aliqua. '),
(44, 'Monument à sir Wilfrid Laurier', 'Art public', 'Public art', 'Bronze coulé', 'Cast bronze ', '622 x 490 x 106 cm', 'Ville-Marie', NULL, NULL, '45.4994744', '-73.5710610', '10/12/1953', 'Lorem ipsum dolor sit amet, consectetur adipiscing elit, sed do eiusmod tempor incididunt ut labore et dolore magna aliqua. '),
(45, 'Monument au frère André', 'Art public', 'Public art', 'Bronze coulé', 'Cast bronze ', '301 x 120 x 50cm', 'Ville-Marie', NULL, NULL, '45.5033090', '-73.5666000', '12/31/1986', 'Lorem ipsum dolor sit amet, consectetur adipiscing elit, sed do eiusmod tempor incididunt ut labore et dolore magna aliqua. '),
(46, 'Neuf couleurs au vent', 'Art public', 'Public art', 'Soudé  sérigraphié', 'Welded  silkscreened', '1650 x 110 x 2510 cm', 'Le Plateau-Mont-Royal', NULL, NULL, '45.5217090', '-73.5657760', '12/31/1984', 'Lorem ipsum dolor sit amet, consectetur adipiscing elit, sed do eiusmod tempor incididunt ut labore et dolore magna aliqua. '),
(47, 'Sans titre', 'Art public', 'Public art', 'Taillé  sculpté', 'Carved  sculpted', '244 X 206 cm', 'Ville-Marie', NULL, NULL, '45.4993270', '-73.5946040', '08/17/1964', 'Lorem ipsum dolor sit amet, consectetur adipiscing elit, sed do eiusmod tempor incididunt ut labore et dolore magna aliqua. '),
(48, 'Table Ronde', 'Art public', 'Public art', 'Assemblé  soudé', 'Assembled  welded', NULL, 'LaSalle', 'Mairie d\'arrondissement de LaSalle', '55 avenue Dupras', '45.4281340', '-73.6617710', '12/31/1984', 'Lorem ipsum dolor sit amet, consectetur adipiscing elit, sed do eiusmod tempor incididunt ut labore et dolore magna aliqua. '),
(49, 'Trois disques', 'Art public', 'Public art', 'Découpé  assemblé  boulonné  soudé ', 'Cut out  assembled  screwed  welded', '2130 x 2200 x 1625 cm', 'Ville-Marie', NULL, NULL, '45.5106580', '-73.5368370', '04/15/1967', 'Lorem ipsum dolor sit amet, consectetur adipiscing elit, sed do eiusmod tempor incididunt ut labore et dolore magna aliqua. '),
(50, 'Hermès', 'Art public', 'Public art', 'Soudé  peint  boulonné', 'Welded  painted  bolted', '320 x 370 x 570 cm', 'Lachine', NULL, NULL, '45.4287520', '-73.6834350', '12/31/1986', 'Lorem ipsum dolor sit amet, consectetur adipiscing elit, sed do eiusmod tempor incididunt ut labore et dolore magna aliqua. '),
(51, 'Sans titre', 'Art public', 'Public art', 'Sculpté', 'Sculpted', '412cm x 107cm', 'Ville-Marie', NULL, NULL, '45.5000360', '-73.5949960', '08/17/1964', 'Lorem ipsum dolor sit amet, consectetur adipiscing elit, sed do eiusmod tempor incididunt ut labore et dolore magna aliqua. '),
(52, 'Non titré', 'Art public', 'Public art', 'Soudés  peints', 'Welded, painted', '700 x 82.5 x 82.5 cm', 'Ville-Marie', NULL, 'Rue Beaudry', '45.5190700', '-73.5560710', '12/31/1981', 'Lorem ipsum dolor sit amet, consectetur adipiscing elit, sed do eiusmod tempor incididunt ut labore et dolore magna aliqua. '),
(53, 'Trilogie', 'Art public', 'Public art', 'Soudé  peint', 'Welded, painted', '380 x 366 x 366 cm', 'Lachine', 'Musée de Lachine', '1, chemin du Musée, Lachine (Québec) H8S 4L9', '45.4301060', '-73.6667570', '12/31/1985', 'Lorem ipsum dolor sit amet, consectetur adipiscing elit, sed do eiusmod tempor incididunt ut labore et dolore magna aliqua. '),
(54, 'Communion', 'Art public', 'Public art', 'Soudé  peint', 'Welded, painted', '335 x 427 x 853cm', 'LaSalle', NULL, NULL, '45.4239580', '-73.5985740', '06/15/1990', 'Lorem ipsum dolor sit amet, consectetur adipiscing elit, sed do eiusmod tempor incididunt ut labore et dolore magna aliqua. '),
(55, 'Non titré (mosaïque en céramique)', 'Intégration à l\'architecture', 'Integration with architecture', 'Peint  assemblé', 'painted  assembled', '381 x 554 cm', 'Le Sud-Ouest', 'Centre récréatif Gadbois', '5485, chemin de la Côte-Saint-Paul, Montréal (Québec) H4C 1X3', '45.4664250', '-73.5958110', NULL, 'Lorem ipsum dolor sit amet, consectetur adipiscing elit, sed do eiusmod tempor incididunt ut labore et dolore magna aliqua. '),
(56, 'Monument à Giovanni Caboto', 'Art public', 'Public art', 'Bronze coulé  cire perdue', 'Cast bronze  cire perdue', '875 x 800 x 800', 'Ville-Marie', NULL, NULL, '45.4894900', '-73.5836520', '04/30/1931', 'Lorem ipsum dolor sit amet, consectetur adipiscing elit, sed do eiusmod tempor incididunt ut labore et dolore magna aliqua. '),
(57, 'Non titré ', 'Intégration à l\'architecture', 'Integration with architecture', 'Moulage', 'Casting', '(2) 165 x 245 x 137 cm ', 'Ville-Marie', NULL, '130, chemin du Tour-de-l\'Isle', '45.5128320', '-73.5345730', '01/01/1952', 'Lorem ipsum dolor sit amet, consectetur adipiscing elit, sed do eiusmod tempor incididunt ut labore et dolore magna aliqua. '),
(58, 'La femme-fontaine', 'Art public', 'Public art', 'Taille directe', 'Direct carving', '183,50 x 57,50 x 40,70 cm', 'Verdun', 'Centre culturel de Verdun', '5955 Bannantyne, Verdun, Québec, H4H 1H6', '45.4483990', '-73.5776210', '01/01/1967', 'Lorem ipsum dolor sit amet, consectetur adipiscing elit, sed do eiusmod tempor incididunt ut labore et dolore magna aliqua. '),
(59, 'Envol d\'oiseaux', 'Intégration à l\'architecture', 'Integration with architecture', 'Découpé  assemblé', 'Cut out  assembled', '400 x 65 cm', 'Villeray–Saint-Michel–Parc-Extension', 'Bibliothèque Le Prévost', '7355 Avenue Christophe-Colomb, Montréal, QC H2R 2S5', '45.5437740', '-73.6144800', '12/31/1983', 'Lorem ipsum dolor sit amet, consectetur adipiscing elit, sed do eiusmod tempor incididunt ut labore et dolore magna aliqua. '),
(60, 'Gratte-ciel, cascades d\'eau / rues, ruisseau… une construction', 'Art public', 'Public art', 'Multiple', 'Multiple', '1700 x 7500 x 5000 cm', 'Ville-Marie', NULL, NULL, '45.5154490', '-73.5600280', '06/12/1992', 'Lorem ipsum dolor sit amet, consectetur adipiscing elit, sed do eiusmod tempor incididunt ut labore et dolore magna aliqua. '),
(61, 'Le carrousel sauvage', 'Art public', 'Public art', 'Taillé  assemblé', 'Carved  assembled', '315 x 1828 cm', 'Ville-Marie', NULL, NULL, '45.5011690', '-73.5940400', '07/18/1964', 'Lorem ipsum dolor sit amet, consectetur adipiscing elit, sed do eiusmod tempor incididunt ut labore et dolore magna aliqua. '),
(62, 'Décor', 'Art public', 'Public art', 'Soudé  peint', 'Welded, painted', '134 x 65 x 97 cm', 'Lachine', 'Musée de Lachine', '1, chemin du Musée, Lachine (Québec) H8S 4L9', '45.4298750', '-73.6664090', '12/31/1965', 'Lorem ipsum dolor sit amet, consectetur adipiscing elit, sed do eiusmod tempor incididunt ut labore et dolore magna aliqua. '),
(63, 'L\'eau et la nourriture', 'Intégration à l\'architecture', 'Integration with architecture', 'Aluchromie', NULL, ' 274,5 x 812 cm', 'LaSalle', 'Usine de filtration Charles-J. des Baillets', '8585, Boulevard De La Vérendrye, LaSalle, Québec, H8N 2K2', '45.4250530', '-73.6190430', '01/01/1977', 'Lorem ipsum dolor sit amet, consectetur adipiscing elit, sed do eiusmod tempor incididunt ut labore et dolore magna aliqua. '),
(64, 'Le mélomane', 'Art public', 'Public art', NULL, NULL, NULL, 'Villeray–Saint-Michel–Parc-Extension', NULL, NULL, '45.5622000', '-73.6008520', '07/15/2011', 'Lorem ipsum dolor sit amet, consectetur adipiscing elit, sed do eiusmod tempor incididunt ut labore et dolore magna aliqua. '),
(65, 'Mélangez le Tout', 'Art public', 'Public art', 'Découpe au laser  assemblage  peinture électrostatique (banc).', 'Laser cutting  assemblage  electrostatic painting (bench)', '580 x 365 cm', 'Ville-Marie', 'Centre Jean-Claude-Malépart', '2633 Ontario Est, Montréal, QC H2K 1W8', '45.5343400', '-73.5527330', '11/01/2011', 'Lorem ipsum dolor sit amet, consectetur adipiscing elit, sed do eiusmod tempor incididunt ut labore et dolore magna aliqua. '),
(66, 'Caesura', 'Art public', 'Public art', 'Bronze coulé  soudure  béton coulé  taille  polissage.', 'Cast bronze  welding  poured concrete  dressing  polishing.', '500 x 1100 x 1450 cm', 'Villeray–Saint-Michel–Parc-Extension', NULL, NULL, '45.5375120', '-73.6280200', '10/01/1991', 'Lorem ipsum dolor sit amet, consectetur adipiscing elit, sed do eiusmod tempor incididunt ut labore et dolore magna aliqua. '),
(67, 'Theatre for Sky Blocks', 'Art public', 'Public art', 'Soudure  sérigraphie  peinture  coupage', 'Welding  silkscreening  paint  cutting', '300 x 250 x 1000 cm', 'Lachine', NULL, NULL, '45.4338930', '-73.6967500', '12/31/1992', 'Lorem ipsum dolor sit amet, consectetur adipiscing elit, sed do eiusmod tempor incididunt ut labore et dolore magna aliqua. '),
(68, 'Les graminées du jardin Saint-Sulpice', 'Art public', 'Public art', 'Coupé  soudé', 'Cut  welded', '244 x 1000', 'Ahuntsic-Cartierville', NULL, '9355, avenue de Galilée', '45.5593480', '-73.6416080', '01/09/2007', 'Lorem ipsum dolor sit amet, consectetur adipiscing elit, sed do eiusmod tempor incididunt ut labore et dolore magna aliqua. '),
(69, 'Give Peace a Chance', 'Art public', 'Public art', 'Pierre taillée', 'Carved stone', '2300 x 640 cm', 'Ville-Marie', NULL, NULL, '45.5050070', '-73.5838200', '01/01/2009', 'Lorem ipsum dolor sit amet, consectetur adipiscing elit, sed do eiusmod tempor incididunt ut labore et dolore magna aliqua. '),
(70, 'Monument au frère Marie-Victorin', 'Art public', 'Public art', 'Bronze coulé', 'Cast bronze ', '295  x 140  x 140 cm', 'Rosemont–La Petite-Patrie', 'Jardin botanique', '4101, rue Sherbrooke Est, Montréal, Québec, H1X 2B2', '45.5572810', '-73.5559030', '12/31/1951', 'Lorem ipsum dolor sit amet, consectetur adipiscing elit, sed do eiusmod tempor incididunt ut labore et dolore magna aliqua. '),
(71, 'Le lion de La Feuillée', 'Art public', 'Public art', 'Coulée industriel', 'Casting industrial ', '210 x 230 x 400 cm', 'Rosemont–La Petite-Patrie', 'Jardin botanique', '4101, rue Sherbrooke Est, Montréal, Québec, H1X 2B2', '45.5587960', '-73.5556370', '', 'Lorem ipsum dolor sit amet, consectetur adipiscing elit, sed do eiusmod tempor incididunt ut labore et dolore magna aliqua. '),
(72, 'Agora', 'Art public', 'Public art', 'Moulage  assemblage', 'Moulding: assembly', '762 x 762 x 762 cm', 'Ville-Marie', NULL, NULL, '45.5120750', '-73.5548190', '01/01/1983', 'Lorem ipsum dolor sit amet, consectetur adipiscing elit, sed do eiusmod tempor incididunt ut labore et dolore magna aliqua. '),
(73, 'Mastodo', 'Art public', 'Public art', 'Moulage  assemblage', 'Moulding  assembly', '420 x 580 x 610 cm', 'Ville-Marie', NULL, NULL, '45.5118000', '-73.5546810', '06/01/1984', 'Lorem ipsum dolor sit amet, consectetur adipiscing elit, sed do eiusmod tempor incididunt ut labore et dolore magna aliqua. '),
(74, 'Cailloudo', 'Art public', 'Public art', 'Coulé  assemblé', 'Cast  assembled', '132 x 425 x 760 cm', 'Saint-Laurent', 'Bibliothèque de Saint-Laurent', '1380, rue de l\'Église, Montréal (QC) H4L 2H2', '45.5124570', '-73.6767990', '01/01/1990', 'Lorem ipsum dolor sit amet, consectetur adipiscing elit, sed do eiusmod tempor incididunt ut labore et dolore magna aliqua. '),
(75, 'Hommage à Claude Jutra', 'Art public', 'Public art', 'Assemblé  soudé  découpé  taillé  collé', 'Assembled  welded  cut out  carved  glued', '250 x 75 x 70 cm', 'Le Plateau-Mont-Royal', NULL, NULL, '45.5132400', '-73.5729450', '01/01/1997', 'Lorem ipsum dolor sit amet, consectetur adipiscing elit, sed do eiusmod tempor incididunt ut labore et dolore magna aliqua. '),
(76, 'La ville imaginaire', 'Art public', 'Public art', 'Taillé  assemblé', 'Carved  assembled', '1900 x 1800 x 2750 cm', 'Ville-Marie', NULL, NULL, '45.5126970', '-73.5377140', '01/01/1997', 'Lorem ipsum dolor sit amet, consectetur adipiscing elit, sed do eiusmod tempor incididunt ut labore et dolore magna aliqua. '),
(77, 'Révolutions', 'Art public', 'Public art', NULL, NULL, '850 x 500 cm', 'Ville-Marie', NULL, NULL, '45.5239850', '-73.5527310', '01/01/2003', 'Lorem ipsum dolor sit amet, consectetur adipiscing elit, sed do eiusmod tempor incididunt ut labore et dolore magna aliqua. '),
(78, 'L\'arc', 'Art public', 'Public art', NULL, NULL, '305 x 470 x 125', 'Ville-Marie', NULL, NULL, '45.5058550', '-73.5277410', '09/01/2009', 'Lorem ipsum dolor sit amet, consectetur adipiscing elit, sed do eiusmod tempor incididunt ut labore et dolore magna aliqua. '),
(79, 'Buste du Dr. José P. Rizal', 'Art public', 'Public art', 'Fonte à la cire perdue', 'Iron cast in the cire perdue method', '238 x 148 x 135 cm', 'Côte-des-Neiges–Notre-Dame-de-Grâce', NULL, NULL, '45.4910140', '-73.6340790', '01/01/1999', 'Lorem ipsum dolor sit amet, consectetur adipiscing elit, sed do eiusmod tempor incididunt ut labore et dolore magna aliqua. '),
(80, 'Monument à Christophe Colomb', 'Art public', 'Public art', 'Bronze coulé', 'Cast bronze ', '272 x 116 x 94 cm', 'Villeray–Saint-Michel–Parc-Extension', NULL, NULL, '45.5451140', '-73.6101940', '09/22/1976', 'Lorem ipsum dolor sit amet, consectetur adipiscing elit, sed do eiusmod tempor incididunt ut labore et dolore magna aliqua. '),
(81, 'Cosmos', 'Intégration à l\'architecture', 'Integration with architecture', 'Collage  peinture', 'Collage  painting ', '185 x 677 x 5 cm', 'Rivière-des-Prairies–Pointe-aux-Trembles', 'Bibliothèque de Pointe-aux-Trembles', '14001 Rue Notre-Dame Est, Montréal, QC H1A 1T9', '45.6681310', '-73.4946210', '01/01/1966', 'Lorem ipsum dolor sit amet, consectetur adipiscing elit, sed do eiusmod tempor incididunt ut labore et dolore magna aliqua. '),
(82, 'Obélisque en hommage à Charles de Gaulle', 'Art public', 'Public art', NULL, NULL, '1780 x 240 x 270 cm', 'Le Plateau-Mont-Royal', NULL, NULL, '45.5261070', '-73.5647590', '06/01/1992', 'Lorem ipsum dolor sit amet, consectetur adipiscing elit, sed do eiusmod tempor incididunt ut labore et dolore magna aliqua. '),
(83, 'China Wall', 'Art public', 'Public art', 'Soudé', 'Welded', '225 x 177 x 489 cm', 'Lachine', NULL, NULL, '45.4285620', '-73.6816820', '12/31/1988', 'Lorem ipsum dolor sit amet, consectetur adipiscing elit, sed do eiusmod tempor incididunt ut labore et dolore magna aliqua. '),
(84, 'Maisonneuve fonde Montréal le 18 mai 1642', 'Intégration à l\'architecture', 'Integration with architecture', NULL, NULL, NULL, 'Ville-Marie', 'Chalet du parc du Mont-Royal', '1196 Voie Camillien Houde, Montréal, QC H3H 1A1', '45.5038190', '-73.5876410', NULL, 'Lorem ipsum dolor sit amet, consectetur adipiscing elit, sed do eiusmod tempor incididunt ut labore et dolore magna aliqua. '),
(85, 'Portail avec bas-reliefs', 'Intégration à l\'architecture', 'Integration with architecture', 'Fondu  vitrifié  peint  coupé  assemblé', 'Melted  vitrified  painted  cut  assembled', '520 X 520 cm', 'Ville-Marie', 'Chapelle historique du Bon-Pasteur', '100, rue Sherbrooke Est, Montréal (Québec)  H2X 1C3', '45.5134270', '-73.5468860', '01/01/1987', 'Lorem ipsum dolor sit amet, consectetur adipiscing elit, sed do eiusmod tempor incididunt ut labore et dolore magna aliqua. '),
(86, 'Place du Temple', 'Art public', 'Public art', 'Coulé  peint', 'Cast  painted', '500 x 1800 x 6700 cm', 'LaSalle', NULL, NULL, '45.4236200', '-73.6249150', '06/01/1990', 'Lorem ipsum dolor sit amet, consectetur adipiscing elit, sed do eiusmod tempor incididunt ut labore et dolore magna aliqua. '),
(87, 'Fontaine de vie', 'Art public', 'Public art', 'Sculpté', 'Sculpted', '370 x 550 cm', 'Lachine', NULL, '1800, boul Saint-Joseph, Lachine, QC H8S 2N4', '45.4331620', '-73.6812580', '12/31/1977', 'Lorem ipsum dolor sit amet, consectetur adipiscing elit, sed do eiusmod tempor incididunt ut labore et dolore magna aliqua. '),
(88, 'Buste de Simon Bolivar', 'Art public', 'Public art', NULL, NULL, '248.5 x 99.5 x 48', 'Ville-Marie', NULL, NULL, '45.4894860', '-73.5809190', '01/01/1991', 'Lorem ipsum dolor sit amet, consectetur adipiscing elit, sed do eiusmod tempor incididunt ut labore et dolore magna aliqua. '),
(89, 'Albarello', 'Art public', 'Public art', 'Soudé  assemblé', 'Welded  assembled', '340 x 290 cm', 'Lachine', 'Musée de Lachine', '1, chemin du Musée, Lachine (Québec) H8S 4L9', '45.4299400', '-73.6668440', '01/01/1994', 'Lorem ipsum dolor sit amet, consectetur adipiscing elit, sed do eiusmod tempor incididunt ut labore et dolore magna aliqua. '),
(90, 'À la croisée des mots', 'Art public', 'Public art', 'Feuilles d\'aluminium anodisé  découpées  soudées', 'Anodized aluminum sheets  cut out  welded', '732 x 300 cm', 'Le Sud-Ouest', 'Centre Georges-Vanier', '2450 Rue Workman\r\nMontréal, Qc', '45.4837970', '-73.5751050', '01/01/2004', 'Lorem ipsum dolor sit amet, consectetur adipiscing elit, sed do eiusmod tempor incididunt ut labore et dolore magna aliqua. '),
(91, 'Mots choisis', 'Intégration à l\'architecture', 'Integration with architecture', 'Gravé  assemblé', 'Engraved  assembled', NULL, 'Rivière-des-Prairies–Pointe-aux-Trembles', 'Bibliothèque de Pointe-aux-Trembles', '14001 Rue Notre-Dame Est, Montréal, QC H1A 1T9', '45.6681310', '-73.4946210', '01/01/2006', 'Lorem ipsum dolor sit amet, consectetur adipiscing elit, sed do eiusmod tempor incididunt ut labore et dolore magna aliqua. '),
(92, 'Hommage aux forces vitales du Québec', 'Art public', 'Public art', 'Techniques multiples', 'Multiple techniques ', '366 x 3800 x 1600 cm', 'LaSalle', NULL, NULL, '45.4200520', '-73.6033720', '12/31/1987', 'Lorem ipsum dolor sit amet, consectetur adipiscing elit, sed do eiusmod tempor incididunt ut labore et dolore magna aliqua. '),
(93, 'Monument aux braves de N.D.G.', 'Art public', 'Public art', 'Bronze moulé', 'Cast bronze ', '400 x 318 cm', 'Côte-des-Neiges–Notre-Dame-de-Grâce', NULL, NULL, '45.4724990', '-73.6137260', '12/31/1919', 'Lorem ipsum dolor sit amet, consectetur adipiscing elit, sed do eiusmod tempor incididunt ut labore et dolore magna aliqua. '),
(94, 'Optimax', 'Art public', 'Public art', 'Taille directe', 'Direct carving', '292 x 246 x 1250 cm', 'Ville-Marie', NULL, NULL, '45.5009110', '-73.5932880', '08/17/1964', 'Lorem ipsum dolor sit amet, consectetur adipiscing elit, sed do eiusmod tempor incididunt ut labore et dolore magna aliqua. '),
(95, 'Jacques Cartier sur le sommet du mont Royal', 'Intégration à l\'architecture', 'Integration with architecture', NULL, NULL, NULL, 'Ville-Marie', 'Chalet du parc du Mont-Royal', '1196 Voie Camillien Houde, Montréal, QC H3H 1A1', '45.5038430', '-73.5875760', NULL, 'Lorem ipsum dolor sit amet, consectetur adipiscing elit, sed do eiusmod tempor incididunt ut labore et dolore magna aliqua. '),
(96, 'Non titré', 'Intégration à l\'architecture', 'Integration with architecture', 'Contre-collé sur bois et laminé', NULL, '67 x 101.5 x 3 cm', 'Lachine', 'Bibliothèque Saint-Pierre', '183, rue des Érables, Lachine (Québec) H8R 1B1', '45.4456920', '-73.6513310', NULL, 'Lorem ipsum dolor sit amet, consectetur adipiscing elit, sed do eiusmod tempor incididunt ut labore et dolore magna aliqua. '),
(97, 'Les baigneurs', 'Intégration à l\'architecture', 'Integration with architecture', NULL, NULL, NULL, 'Le Sud-Ouest', 'Centre récréatif Gadbois', '5485, chemin de la Côte-Saint-Paul, Montréal (Québec) H4C 1X3', '45.4663390', '-73.5956150', NULL, 'Lorem ipsum dolor sit amet, consectetur adipiscing elit, sed do eiusmod tempor incididunt ut labore et dolore magna aliqua. '),
(98, 'Les baigneurs', 'Intégration à l\'architecture', 'Integration with architecture', 'Taille directe', 'Direct carving', '(2) 165 x 555 x 15', 'Mercier–Hochelaga-Maisonneuve', 'Aréna Maurice-Richard', '2800 Rue Viau, Montréal, QC H1V 3J3', '45.5624640', '-73.5473040', NULL, 'Lorem ipsum dolor sit amet, consectetur adipiscing elit, sed do eiusmod tempor incididunt ut labore et dolore magna aliqua. '),
(99, 'L\'eau et la santé', 'Intégration à l\'architecture', 'Integration with architecture', 'Aluchromie', NULL, ' 274,5 x 812 cm', 'LaSalle', 'Usine de filtration Charles-J. des Baillets', '8585, Boulevard De La Vérendrye, LaSalle, Québec, H8N 2K2', '45.4250530', '-73.6190430', '01/01/1977', 'Lorem ipsum dolor sit amet, consectetur adipiscing elit, sed do eiusmod tempor incididunt ut labore et dolore magna aliqua. '),
(100, 'Une leçon d\'histoire', 'Intégration à l\'architecture', 'Integration with architecture', 'Coulé  taillé  moulé  patiné  collé  pulvérisé', 'Cast  carved  burnished  glued  sprayed', NULL, 'Ville-Marie', 'Bibliothèque Frontenac', '2550 Rue Ontario Est, Montréal, QC H2K 1W7', '45.5330420', '-73.5518580', '01/01/1986', 'Lorem ipsum dolor sit amet, consectetur adipiscing elit, sed do eiusmod tempor incididunt ut labore et dolore magna aliqua. '),
(101, 'Delos, septième porte de la perfection et de l\'immortalité, Convoi III', 'Art public', 'Public art', NULL, NULL, NULL, 'Le Plateau-Mont-Royal', NULL, NULL, '45.5344960', '-73.5622380', '01/01/2006', 'Lorem ipsum dolor sit amet, consectetur adipiscing elit, sed do eiusmod tempor incididunt ut labore et dolore magna aliqua. '),
(102, 'Champlain explore le site de Montréal en 1603', 'Intégration à l\'architecture', 'Integration with architecture', NULL, NULL, NULL, 'Ville-Marie', 'Chalet du parc du Mont-Royal', '1196 Voie Camillien Houde, Montréal, QC H3H 1A1', '45.5038770', '-73.5874920', NULL, 'Lorem ipsum dolor sit amet, consectetur adipiscing elit, sed do eiusmod tempor incididunt ut labore et dolore magna aliqua. '),
(103, 'Nous deux', 'Art public', 'Public art', 'Découpé  soudé  meulé  boulonné  peint', 'Cut out  welded  buffed  bolted  painted', '244 x 142 x 161', 'Lachine', 'Musée de Lachine', '1, chemin du Musée, Lachine (Québec) H8S', '45.4299830', '-73.6669890', '12/31/1972', 'Lorem ipsum dolor sit amet, consectetur adipiscing elit, sed do eiusmod tempor incididunt ut labore et dolore magna aliqua. '),
(104, 'Colonne', 'Intégration à l\'architecture', 'Integration with architecture', 'Taille directe  assemblé', 'Direct carving  assembled', '700 x 124,5 cm', 'Le Plateau-Mont-Royal', 'Centre des arts contemporains du Québec à Montréal', '4247, rue Saint-Dominique, Montréal, Québec H2W 2A9', '45.5189920', '-73.5819930', '01/01/1985', 'Lorem ipsum dolor sit amet, consectetur adipiscing elit, sed do eiusmod tempor incididunt ut labore et dolore magna aliqua. '),
(105, 'États de choc', 'Art public', 'Public art', 'Soudé  formé  coulé  briqueté  peint', 'Welded  shaped  poured  briquetted  painted', '15.51m', 'Lachine', NULL, NULL, '45.4384290', '-73.7182090', '12/31/1985', 'Lorem ipsum dolor sit amet, consectetur adipiscing elit, sed do eiusmod tempor incididunt ut labore et dolore magna aliqua. '),
(106, 'La ville blanche', 'Art public', 'Public art', 'Découpé  soudé  boulonné  percé  coulé', 'Cut out  welded  bolted  pierced  cast', '650 x 2400', 'Lachine', NULL, NULL, '45.4284480', '-73.6803500', '01/01/1986', 'Lorem ipsum dolor sit amet, consectetur adipiscing elit, sed do eiusmod tempor incididunt ut labore et dolore magna aliqua. '),
(107, 'Espace cubique ou hommage à Malevitch', 'Art public', 'Public art', 'Taillé  coupé  soudé  assemblé', 'Carved  cut  welded  assembled', '254 x 224 x 225 cm', 'Lachine', 'Musée de Lachine', '1, chemin du Musée, Lachine (Québec) H8S 4L9', '45.4299010', '-73.6665790', '07/09/1992', 'Lorem ipsum dolor sit amet, consectetur adipiscing elit, sed do eiusmod tempor incididunt ut labore et dolore magna aliqua. '),
(108, 'Cube géométrique', 'Art public', 'Public art', NULL, NULL, '500 x 390 x 390 cm', 'Saint-Laurent', NULL, '2105, rue Beauzèle,\r\nSaint-Laurent (Montréal)\r\nQuébec', '45.5230120', '-73.7210100', '01/01/1978', 'Lorem ipsum dolor sit amet, consectetur adipiscing elit, sed do eiusmod tempor incididunt ut labore et dolore magna aliqua. '),
(109, 'Le jardin de Lyon', 'Art public', 'Public art', NULL, NULL, NULL, 'Ville-Marie', NULL, NULL, '45.5124700', '-73.5554610', '12/31/2000', 'Lorem ipsum dolor sit amet, consectetur adipiscing elit, sed do eiusmod tempor incididunt ut labore et dolore magna aliqua. '),
(110, 'Orbite optique no 2', 'Art public', 'Public art', 'Béton projeté', 'Projected concrete', '800 cm x 1230 cm', 'Ville-Marie', NULL, NULL, '45.5225070', '-73.5346490', '05/01/1967', 'Lorem ipsum dolor sit amet, consectetur adipiscing elit, sed do eiusmod tempor incididunt ut labore et dolore magna aliqua. '),
(111, 'Fontaine', 'Art public', 'Public art', NULL, NULL, '450 x 1450 x 1195 cm', 'Ville-Marie', NULL, NULL, '45.5139580', '-73.5529210', '06/30/1984', 'Lorem ipsum dolor sit amet, consectetur adipiscing elit, sed do eiusmod tempor incididunt ut labore et dolore magna aliqua. '),
(112, 'Athéna', 'Art public', 'Public art', 'Fonte à la cire perdue', 'Iron cast in the cire perdue method', '310 x 100 x 100 cm', 'Villeray–Saint-Michel–Parc-Extension', NULL, NULL, '45.5277400', '-73.6242820', '12/12/1997', 'Lorem ipsum dolor sit amet, consectetur adipiscing elit, sed do eiusmod tempor incididunt ut labore et dolore magna aliqua. '),
(113, 'Hommage à Mihai Eminescu, poète roumain', 'Art public', 'Public art', 'Bronze coulé', 'Cast bronze ', '243 x 149 cm', 'Le Plateau-Mont-Royal', NULL, NULL, '45.5147960', '-73.5764590', '05/19/2005', 'Lorem ipsum dolor sit amet, consectetur adipiscing elit, sed do eiusmod tempor incididunt ut labore et dolore magna aliqua. '),
(114, 'Trait d\'union', 'Art public', 'Public art', 'Ancré  boulonné  collé', 'Anchored  bolted  glued', '265 x 275 x 1800 cm', 'Saint-Léonard', 'Bibliothèque Saint-Léonard', '8400, boulevard Lacordaire\r\nSaint-Léonard (Québec)\r\nH1R 3B1', '45.5864720', '-73.5971390', '12/31/1984', 'Lorem ipsum dolor sit amet, consectetur adipiscing elit, sed do eiusmod tempor incididunt ut labore et dolore magna aliqua. '),
(115, 'Les leçons singulières (volet 1)', 'Art public', 'Public art', 'Coulé  découpé  formé', 'Cast  cut out  shaped', '97 x 2000 x 1000 cm', 'Le Plateau-Mont-Royal', NULL, NULL, '45.5215800', '-73.5704560', '10/01/1990', 'Lorem ipsum dolor sit amet, consectetur adipiscing elit, sed do eiusmod tempor incididunt ut labore et dolore magna aliqua. '),
(116, 'Les leçons singulières (volet 2)', 'Art public', 'Public art', 'Coulé  découpé  formé', 'Cast  cut out  shaped', '96 x 1800 x 1120 cm', 'Le Plateau-Mont-Royal', NULL, NULL, '45.5234170', '-73.5685570', '05/01/1991', 'Lorem ipsum dolor sit amet, consectetur adipiscing elit, sed do eiusmod tempor incididunt ut labore et dolore magna aliqua. '),
(117, 'Détour : le grand jardin', 'Art public', 'Public art', 'Soudé  boulonné  percé  peint', 'Welded  bolted  pierced  painted', '500 x 1865 x 2109 cm', 'Lachine', NULL, NULL, '45.4283730', '-73.6811150', '01/01/1994', 'Lorem ipsum dolor sit amet, consectetur adipiscing elit, sed do eiusmod tempor incididunt ut labore et dolore magna aliqua. '),
(118, 'Le carrousel de l’île', 'Art public', 'Public art', NULL, NULL, '470 x 1500 cm', 'Verdun', NULL, NULL, '45.4658110', '-73.5447780', '01/01/2005', 'Lorem ipsum dolor sit amet, consectetur adipiscing elit, sed do eiusmod tempor incididunt ut labore et dolore magna aliqua. '),
(119, 'Un jardin à soi', 'Art public', 'Public art', 'Découpé  assemblé', 'Cut out  assembled', '101.5 x 157 x 203 cm', 'Rosemont–La Petite-Patrie', 'Jardin botanique', '4101, rue Sherbrooke Est, Montréal, Québec, H1X 2B2', '45.5609560', '-73.5658220', '01/01/2010', 'Lorem ipsum dolor sit amet, consectetur adipiscing elit, sed do eiusmod tempor incididunt ut labore et dolore magna aliqua. '),
(120, 'Monument pour L', 'Art public', 'Public art', 'Coulé  soudé  peint', 'Cast  welded  painted', '111 x 4000 x 1500 cm', 'Lachine', NULL, NULL, '45.4347600', '-73.6998920', '07/09/1992', 'Lorem ipsum dolor sit amet, consectetur adipiscing elit, sed do eiusmod tempor incididunt ut labore et dolore magna aliqua. '),
(121, 'Volatiles', 'Intégration à l\'architecture', 'Integration with architecture', 'Découpé  assemblé', 'Cut out  assembled', NULL, 'LaSalle', 'Aquadôme-Centre aquatique familiale de LaSalle', '1411 Rue Lapierre, LaSalle, QC H8N 2J4', '45.4366610', '-73.6077680', NULL, 'Lorem ipsum dolor sit amet, consectetur adipiscing elit, sed do eiusmod tempor incididunt ut labore et dolore magna aliqua. '),
(122, 'Nef pour quatorze reines', 'Art public', 'Public art', NULL, NULL, '0.6 x 21 x 113 m', 'Côte-des-Neiges–Notre-Dame-de-Grâce', NULL, NULL, '45.4960420', '-73.6177020', '01/01/1999', 'Lorem ipsum dolor sit amet, consectetur adipiscing elit, sed do eiusmod tempor incididunt ut labore et dolore magna aliqua. '),
(123, 'Hommage aux travailleurs', 'Art public', 'Public art', 'Coulé  peint', 'Cast  painted', '600 x 272 x 138 cm', 'Montréal-Nord', NULL, 'Boulevard Henri-Bourassa', '45.6007020', '-73.6384560', '12/31/1973', 'Lorem ipsum dolor sit amet, consectetur adipiscing elit, sed do eiusmod tempor incididunt ut labore et dolore magna aliqua. '),
(124, 'Le grand Jean-Paul', 'Art public', 'Public art', 'Cire perdue', 'Cire perdue method', '202 x 199.5 x 60.5 cm', 'Ville-Marie', NULL, NULL, '45.5031040', '-73.5606610', '03/01/2003', 'Lorem ipsum dolor sit amet, consectetur adipiscing elit, sed do eiusmod tempor incididunt ut labore et dolore magna aliqua. '),
(125, 'Monument à Émile Nelligan', 'Art public', 'Public art', 'Bronze coulé  cire perdue', 'Cast bronze  cire perdue', '271 x 112 x 132 cm', 'Le Plateau-Mont-Royal', NULL, NULL, '45.5162150', '-73.5702840', '01/01/2005', 'Lorem ipsum dolor sit amet, consectetur adipiscing elit, sed do eiusmod tempor incididunt ut labore et dolore magna aliqua. '),
(126, 'Songes', 'Intégration à l\'architecture', 'Integration with architecture', NULL, NULL, '282 x 482 x 2,5 cm', 'Montréal-Nord', 'Maison culturelle et communautaire de Montréal-Nord', '12 004, boulevard Rolland, Montréal-Nord (Québec), H1W  3W1', '45.6165400', '-73.6209700', '01/01/2006', 'Lorem ipsum dolor sit amet, consectetur adipiscing elit, sed do eiusmod tempor incididunt ut labore et dolore magna aliqua. '),
(127, 'Jacques Cartier atterit à Hochelaga en 1535', 'Intégration à l\'architecture', 'Integration with architecture', NULL, NULL, NULL, 'Ville-Marie', 'Chalet du parc du Mont-Royal', '1196 Voie Camillien Houde, Montréal, QC H3H 1A1', '45.5039070', '-73.5874280', NULL, 'Lorem ipsum dolor sit amet, consectetur adipiscing elit, sed do eiusmod tempor incididunt ut labore et dolore magna aliqua. '),
(128, 'Monument à sir Louis-Hippolyte La Fontaine', 'Art public', 'Public art', 'Fonte au sable', 'Sand-cast iron', '700 x 570 x 370cm', 'Le Plateau-Mont-Royal', NULL, NULL, '45.5230170', '-73.5663280', '10/28/1930', 'Lorem ipsum dolor sit amet, consectetur adipiscing elit, sed do eiusmod tempor incididunt ut labore et dolore magna aliqua. '),
(129, 'Monument aux braves d\'Outremont', 'Art public', 'Public art', 'Bronze coulé', 'Cast bronze ', '400 x 600 x 480 cm', 'Outremont', NULL, NULL, '45.5177530', '-73.6041030', '01/14/1925', 'Lorem ipsum dolor sit amet, consectetur adipiscing elit, sed do eiusmod tempor incididunt ut labore et dolore magna aliqua. '),
(130, 'L\'habitation en milieu urbain', 'Intégration à l\'architecture', 'Integration with architecture', 'Modelage', 'Modelling', '251 x 620 x 3,80 cm', 'Le Sud-Ouest', 'Maison de la culture Marie-Uguay', '6052, boulevard Monk, Montréal (Québec) H4E 3H6', '45.4576940', '-73.5955150', '03/01/1982', 'Lorem ipsum dolor sit amet, consectetur adipiscing elit, sed do eiusmod tempor incididunt ut labore et dolore magna aliqua. '),
(131, 'Monument à Paul de Chomedey, sieur de Maisonneuve', 'Art public', 'Public art', NULL, NULL, '9m de haut', 'Ville-Marie', NULL, NULL, '45.5048000', '-73.5572600', '', 'Lorem ipsum dolor sit amet, consectetur adipiscing elit, sed do eiusmod tempor incididunt ut labore et dolore magna aliqua. '),
(132, 'Monument à Louis-Octave Crémazie', 'Art public', 'Public art', 'Bronze coulé  pierre taillée', 'Cast bronze  carved stone', '300 x 300 x 188 cm', 'Le Plateau-Mont-Royal', NULL, NULL, '45.5173880', '-73.5695810', '06/24/1906', 'Lorem ipsum dolor sit amet, consectetur adipiscing elit, sed do eiusmod tempor incididunt ut labore et dolore magna aliqua. '),
(133, 'Monument à John Young', 'Art public', 'Public art', 'Bronze coulé  pierre taillée', 'Cast bronze, carved stone', '520 x 340 x 670cm', 'Ville-Marie', NULL, NULL, '45.5001120', '-73.5534270', '10/04/1911', 'Lorem ipsum dolor sit amet, consectetur adipiscing elit, sed do eiusmod tempor incididunt ut labore et dolore magna aliqua. '),
(134, 'Monument à Édouard VII', 'Art public', 'Public art', 'Coulé à la cire perdue  assemblé à la romaine à l\'aide de goupilles en bronze.', 'Cast in the cire perdue method  assembled Roman style using bronze pins', '1400cm', 'Ville-Marie', NULL, NULL, '45.5037240', '-73.5685070', '10/01/1914', 'Lorem ipsum dolor sit amet, consectetur adipiscing elit, sed do eiusmod tempor incididunt ut labore et dolore magna aliqua. '),
(135, 'Acier', 'Art public', 'Public art', 'Soudé  coulé', 'Welded  cast', '385 x 700 x 350cm', 'Ville-Marie', NULL, NULL, '45.5043070', '-73.5265350', '12/31/1967', 'Lorem ipsum dolor sit amet, consectetur adipiscing elit, sed do eiusmod tempor incididunt ut labore et dolore magna aliqua. '),
(136, 'Le lion de Belfort', 'Art public', 'Public art', 'Sculpté (granite)  coulé (bronze)', 'Sculpted (granite)  cast (bronze)\r\n', '504 x 232 x 421 cm', 'Ville-Marie', NULL, NULL, '45.4997040', '-73.5702730', '', 'Lorem ipsum dolor sit amet, consectetur adipiscing elit, sed do eiusmod tempor incididunt ut labore et dolore magna aliqua. '),
(137, 'Monument aux héros de la guerre des Boers', 'Art public', 'Public art', NULL, NULL, '920 x 2200 x 1600 cm', 'Ville-Marie', NULL, NULL, '45.4996100', '-73.5709670', '05/24/1907', 'Lorem ipsum dolor sit amet, consectetur adipiscing elit, sed do eiusmod tempor incididunt ut labore et dolore magna aliqua. '),
(138, 'Monument à sir George-Étienne Cartier', 'Art public', 'Public art', 'Bronze coulé', 'Cast bronze ', '25 x 30 x 30m', 'Ville-Marie', NULL, NULL, '45.5142310', '-73.5852500', '09/06/1919', 'Lorem ipsum dolor sit amet, consectetur adipiscing elit, sed do eiusmod tempor incididunt ut labore et dolore magna aliqua. ');
INSERT INTO `oeuvre` (`id_oeuvre`, `Titre`, `NomCollection`, `NomCollectionAng`, `Technique`, `TechniqueAng`, `Dimensions`, `Arrondissement`, `Batiment`, `AdresseCivique`, `CoordonneeLatitude`, `CoordonneeLongitude`, `dateCreation`, `Description`) VALUES
(139, 'Départ de La Salle pour aller à la découverte du Mississipi', 'Intégration à l\'architecture', 'Integration with architecture', NULL, NULL, NULL, 'Ville-Marie', 'Chalet du parc du Mont-Royal', '1196 Voie Camillien Houde, Montréal, QC H3H 1A1', '45.5039460', '-73.5873780', NULL, 'Lorem ipsum dolor sit amet, consectetur adipiscing elit, sed do eiusmod tempor incididunt ut labore et dolore magna aliqua. '),
(140, 'Totem Kwakiutl', 'Art public', 'Public art', 'Sculpté', 'Sculpted', '2130 x 95 cm', 'Ville-Marie', NULL, NULL, '45.5049950', '-73.5292840', '04/01/1967', 'Lorem ipsum dolor sit amet, consectetur adipiscing elit, sed do eiusmod tempor incididunt ut labore et dolore magna aliqua. '),
(141, 'Iris', 'Art public', 'Public art', 'Feuilles d\'aluminium galbées par martelage  soudées entre elles', 'Aluminum sheets shaped by hammering  welded together', NULL, 'Ville-Marie', NULL, NULL, '45.5055320', '-73.5277510', '04/01/1967', 'Lorem ipsum dolor sit amet, consectetur adipiscing elit, sed do eiusmod tempor incididunt ut labore et dolore magna aliqua. '),
(142, 'Monument à Émilie Gamelin', 'Art public', 'Public art', 'Bronze coulé  cire perdue', 'Cast bronze  cire perdue', '190 x 122 cm', 'Ville-Marie', NULL, NULL, '45.5148600', '-73.5597070', '04/28/1999', 'Lorem ipsum dolor sit amet, consectetur adipiscing elit, sed do eiusmod tempor incididunt ut labore et dolore magna aliqua. '),
(143, 'Les allusifs', 'Art public', 'Public art', 'Assemblé  soudé  incrusté  gravé', 'Assembled  welded  inlaid  engraved', 'xx cm x 230 cm x 170 cm', 'Le Sud-Ouest', 'Marché Atwater', '138 Avenue Atwater, Montreal, QC H4C 2H6', '45.4788390', '-73.5753390', '12/31/2002', 'Lorem ipsum dolor sit amet, consectetur adipiscing elit, sed do eiusmod tempor incididunt ut labore et dolore magna aliqua. '),
(144, 'Lanka Mata', 'Intégration à l\'architecture', 'Integration with architecture', NULL, NULL, '260 x 524 x 20 cm', 'Le Sud-Ouest', 'Bibliothèque Marie-Uguay', '6052 Boulevard Monk, Montréal, QC H4E 3H6', '45.4577510', '-73.5954860', NULL, 'Lorem ipsum dolor sit amet, consectetur adipiscing elit, sed do eiusmod tempor incididunt ut labore et dolore magna aliqua. '),
(145, 'L\'attente', 'Art public', 'Public art', 'Assemblé  soudé  vissé', 'Assembled  welded  screwed', '411 x 258 x 258 cm', 'Ahuntsic-Cartierville', NULL, NULL, '45.5326970', '-73.7258440', '08/01/2009', 'Lorem ipsum dolor sit amet, consectetur adipiscing elit, sed do eiusmod tempor incididunt ut labore et dolore magna aliqua. '),
(146, 'La façade', 'Intégration à l\'architecture', 'Integration with architecture', 'Modélisation 3D  frittage laser sélectif', '3D modelling  selective laser sintering', '115 x 235 x 32 cm', 'Ville-Marie', 'Bibliothèque Père-Ambroise', '2093, rue de la Visitation, Montréal, QC, H2L 3C9', '45.5227670', '-73.5626700', '09/01/2011', 'Lorem ipsum dolor sit amet, consectetur adipiscing elit, sed do eiusmod tempor incididunt ut labore et dolore magna aliqua. '),
(147, 'La fermière', 'Art public', 'Public art', 'Coulé', 'Cast', '575 x 1900 cm', 'Mercier–Hochelaga-Maisonneuve', NULL, NULL, '45.5535610', '-73.5396980', '01/30/1915', 'Lorem ipsum dolor sit amet, consectetur adipiscing elit, sed do eiusmod tempor incididunt ut labore et dolore magna aliqua. '),
(148, 'Les petits baigneurs', 'Art public', 'Public art', 'Coulé  assemblé', 'Cast  assembled', '1000 x 400 x 300 cm', 'Mercier–Hochelaga-Maisonneuve', 'Bain Morgan', '1875, avenue Morgan \r\nMontréal (QC) \r\nH1V 2R1', '45.5533590', '-73.5384340', '01/01/1916', 'Lorem ipsum dolor sit amet, consectetur adipiscing elit, sed do eiusmod tempor incididunt ut labore et dolore magna aliqua. '),
(149, 'Monument à Dollard des Ormeaux', 'Art public', 'Public art', 'Coulé', 'Cast', '800 x 925 x 345 cm', 'Le Plateau-Mont-Royal', NULL, NULL, '45.5255940', '-73.5730550', '01/01/1920', 'Lorem ipsum dolor sit amet, consectetur adipiscing elit, sed do eiusmod tempor incididunt ut labore et dolore magna aliqua. '),
(150, 'Monument aux braves de Lachine', 'Art public', 'Public art', 'Coulé  assemblé', 'Cast  assembled', '524 x 900 x 216 cm', 'Lachine', NULL, NULL, '45.4365550', '-73.7067380', '01/01/1925', 'Lorem ipsum dolor sit amet, consectetur adipiscing elit, sed do eiusmod tempor incididunt ut labore et dolore magna aliqua. '),
(151, 'Monument aux Patriotes', 'Art public', 'Public art', 'Fonte au sable', 'Sand-cast iron', '850 x 410 x 370 cm', 'Ville-Marie', NULL, NULL, '45.5234110', '-73.5462120', '06/24/1926', 'Lorem ipsum dolor sit amet, consectetur adipiscing elit, sed do eiusmod tempor incididunt ut labore et dolore magna aliqua. '),
(152, 'Signal dans l\'espace', 'Intégration à l\'architecture', 'Integration with architecture', 'Assemblage', 'Assembled', '1370 x 975 x 30 cm', 'LaSalle', 'Bibliothèque l\'Octogone', '1080 Avenue Dollard, Montreal, QC H8N 2T9', '45.4241500', '-73.6233110', '01/01/1984', 'Lorem ipsum dolor sit amet, consectetur adipiscing elit, sed do eiusmod tempor incididunt ut labore et dolore magna aliqua. '),
(153, 'Temps d\'heures', 'Intégration à l\'architecture', 'Integration with architecture', 'Assemblé  découpé  peint', 'Assembled  cut out  painted', '540 x 1020 x 303 cm', 'Villeray–Saint-Michel–Parc-Extension', 'Centre Jean-Marie Gauvreau', '911, rue Jean-Talon Est, Montréal, H2R 1V5', '45.5413760', '-73.6131770', '01/01/1987', 'Lorem ipsum dolor sit amet, consectetur adipiscing elit, sed do eiusmod tempor incididunt ut labore et dolore magna aliqua. '),
(154, 'Anamorphose d’une fenêtre', 'Intégration à l\'architecture', 'Integration with architecture', NULL, NULL, NULL, 'Mercier–Hochelaga-Maisonneuve', 'Maison de la culture Mercier', '8105, rue Hochelaga, Montréal, H1L 2K9', '45.5955130', '-73.5237880', NULL, 'Lorem ipsum dolor sit amet, consectetur adipiscing elit, sed do eiusmod tempor incididunt ut labore et dolore magna aliqua. '),
(155, 'Monument à John F. Kennedy', 'Art public', 'Public art', 'Bronze moulé', 'Cast bronze', '355 x 100 x 120', 'Ville-Marie', NULL, '2001, avenue McGill College', '45.5033670', '-73.5736890', '11/01/1986', 'Lorem ipsum dolor sit amet, consectetur adipiscing elit, sed do eiusmod tempor incididunt ut labore et dolore magna aliqua. '),
(156, 'Monument à Joseph Beaubien', 'Art public', 'Public art', 'Bronze coulé', 'Cast bronze ', '249 x 76.5 x 65.5 cm', 'Outremont', NULL, '461 Chemin de la Côte-Sainte-Catherine', '45.5151610', '-73.6078000', '01/01/2003', 'Lorem ipsum dolor sit amet, consectetur adipiscing elit, sed do eiusmod tempor incididunt ut labore et dolore magna aliqua. '),
(157, 'Buste du cardinal Paul-Émile Léger', 'Art public', 'Public art', 'Coulé', 'Cast', '168 x 75 x 61,5 cm', 'Ville-Marie', NULL, NULL, '45.5095490', '-73.5613330', '01/01/2007', 'Lorem ipsum dolor sit amet, consectetur adipiscing elit, sed do eiusmod tempor incididunt ut labore et dolore magna aliqua. '),
(158, 'Debout', 'Art public', 'Public art', '23 sections de bronze moulées par enrobage et soudées ensemble.', '23 sections of bronze cast by coating and welded together.', '350 cm x 170 cm x 149.5 cm', 'Le Plateau-Mont-Royal', NULL, NULL, '45.5267170', '-73.5710360', '10/18/1990', 'Lorem ipsum dolor sit amet, consectetur adipiscing elit, sed do eiusmod tempor incididunt ut labore et dolore magna aliqua. '),
(159, 'La porte de l’avenir', 'Art public', 'Public art', 'Empilé  gravé  peint', 'Piled up  engraved  painted', '238 x 201,5 x 42 cm', 'Verdun', 'Centre communautaire Elgar', '260 Rue Elgar, Verdun, QC', '45.4572150', '-73.5470320', '01/01/2000', 'Lorem ipsum dolor sit amet, consectetur adipiscing elit, sed do eiusmod tempor incididunt ut labore et dolore magna aliqua. '),
(160, 'Deux murales', 'Intégration à l\'architecture', 'Integration with architecture', 'Assemblage', 'Assembled', 'Petite : 218 x 744 cm\r\nGrande : 427 x 881 cm', 'Rosemont–La Petite-Patrie', 'Jardin botanique', '4101, rue Sherbrooke Est, Montréal, Québec, H1X 2B2', '45.5559690', '-73.5571840', '01/01/1956', 'Lorem ipsum dolor sit amet, consectetur adipiscing elit, sed do eiusmod tempor incididunt ut labore et dolore magna aliqua. '),
(161, 'Le théâtre de papier', 'Intégration à l\'architecture', 'Integration with architecture', NULL, NULL, '360 x 1250 x 140 cm', 'Rosemont–La Petite-Patrie', 'Bibliothèque La Petite-Patrie', '6707 Avenue de Lorimier, Montréal, QC H2G 2P8', '45.5473600', '-73.5983750', '12/31/1986', 'Lorem ipsum dolor sit amet, consectetur adipiscing elit, sed do eiusmod tempor incididunt ut labore et dolore magna aliqua. '),
(162, 'Et pourtant elle tourne', 'Intégration à l\'architecture', 'Integration with architecture', NULL, NULL, NULL, 'L’Île-Bizard–Sainte-Geneviève', 'Bibliothèque de l\'Île-Bizard', '500, montée de l\'Église, Montréal, QC, H9C 1G9', '45.4894250', '-73.8825440', '01/01/1992', 'Lorem ipsum dolor sit amet, consectetur adipiscing elit, sed do eiusmod tempor incididunt ut labore et dolore magna aliqua. '),
(163, 'La réparation', 'Art public', 'Public art', 'Taille', 'Carved', '294 x 2500 cm', 'Ahuntsic-Cartierville', NULL, NULL, '45.5349940', '-73.6799980', '01/01/1998', 'Lorem ipsum dolor sit amet, consectetur adipiscing elit, sed do eiusmod tempor incididunt ut labore et dolore magna aliqua. '),
(164, 'Temple du troisième millénaire', 'Art public', 'Public art', 'Coulé  découpé  assemblé', 'Cast  cut out  assembled', '475 cm x 380 cm x 75 cm', 'Saint-Laurent', NULL, 'Rue Bertrand', '45.4972860', '-73.6896940', '12/31/1990', 'Lorem ipsum dolor sit amet, consectetur adipiscing elit, sed do eiusmod tempor incididunt ut labore et dolore magna aliqua. '),
(165, 'Monica', 'Art public', 'Public art', 'Moulé  collé  soudé  boulonné', 'Cast  glued  welded  bolted', '278 x 211 x 200 cm', 'Lachine', NULL, NULL, '45.4324330', '-73.6834430', '12/31/1985', 'Lorem ipsum dolor sit amet, consectetur adipiscing elit, sed do eiusmod tempor incididunt ut labore et dolore magna aliqua. '),
(166, 'Monument à Jackie Robinson', 'Art public', 'Public art', 'Bronze coulé', 'Cast bronze ', '254 x 203 x 194 cm', 'Mercier–Hochelaga-Maisonneuve', 'Stade olympique', '4545 Pierre-de-Coubertin\r\nMontréal, Québec', '45.5558460', '-73.5510880', '05/17/1987', 'Lorem ipsum dolor sit amet, consectetur adipiscing elit, sed do eiusmod tempor incididunt ut labore et dolore magna aliqua. '),
(167, 'Joseph-Xavier Perrault', 'Art public', 'Public art', 'Aluminium moulé et fondu  granit poli', 'Cast aluminum  polished granite ', '280 cm x 92 cm x 92 cm', 'Ville-Marie', NULL, '800, rue du Square-Victoria, Montréal, Québec', '45.5011930', '-73.5615720', '10/16/1987', 'Lorem ipsum dolor sit amet, consectetur adipiscing elit, sed do eiusmod tempor incididunt ut labore et dolore magna aliqua. '),
(168, 'Hommage à Marguerite Bourgeoys', 'Art public', 'Public art', 'Bronze coulé  cire perdue', 'Cast bronze  cire perdue', '178 x 414 cm', 'Ville-Marie', NULL, '85, rue Notre-Dame est', '45.5073730', '-73.5550630', '01/01/1988', 'Lorem ipsum dolor sit amet, consectetur adipiscing elit, sed do eiusmod tempor incididunt ut labore et dolore magna aliqua. '),
(169, 'Forces', 'Art public', 'Public art', 'Coulé  ancré', 'Cast  anchored', '220 x 370 x 230 cm', 'Côte-des-Neiges–Notre-Dame-de-Grâce', NULL, '6150, avenue Royalmount', '45.4859710', '-73.6749620', '12/31/1986', 'Lorem ipsum dolor sit amet, consectetur adipiscing elit, sed do eiusmod tempor incididunt ut labore et dolore magna aliqua. '),
(170, 'Monument à Robert Burns', 'Art public', 'Public art', 'Bronze coulé', 'Cast bronze ', '511 x 276 x 276 cm', 'Ville-Marie', NULL, NULL, '45.4994620', '-73.5715710', '01/01/1930', 'Lorem ipsum dolor sit amet, consectetur adipiscing elit, sed do eiusmod tempor incididunt ut labore et dolore magna aliqua. '),
(171, 'Pont d\'Arles en transfert', 'Art public', 'Public art', 'Soudé  boulonné  peint', 'Welded  bolted  painted', '347 x 320 x 900 cm', 'Lachine', 'Musée de Lachine', '1, chemin du Musée, Lachine (Québec) H8S 4L9', '45.4299640', '-73.6661670', '12/31/1985', 'Lorem ipsum dolor sit amet, consectetur adipiscing elit, sed do eiusmod tempor incididunt ut labore et dolore magna aliqua. '),
(172, 'Signal pour Takis', 'Art public', 'Public art', 'Soudé  boulonné', 'Welded  bolted', '850 x 900 x 2000 cm', 'Lachine', NULL, 'Chemin du canal', '45.4287540', '-73.6827890', '12/31/1986', 'Lorem ipsum dolor sit amet, consectetur adipiscing elit, sed do eiusmod tempor incididunt ut labore et dolore magna aliqua. '),
(173, 'Lieux sans temple 3', 'Art public', 'Public art', 'Soudé  patiné  oxydé  collé  boulonné', 'Welded  burnished  oxidized  glued  bolted', '229 x 140 x 117.5 cm', 'Lachine', 'Musée de Lachine', '1, chemin du Musée, Lachine (Québec) H8S 4L9', '45.4299240', '-73.6666030', '12/31/1987', 'Lorem ipsum dolor sit amet, consectetur adipiscing elit, sed do eiusmod tempor incididunt ut labore et dolore magna aliqua. '),
(174, 'Lieux sans temple 4', 'Art public', 'Public art', 'Soudé  patiné  oxydé  collé  boulonné', 'Welded  burnished  oxidized  glued  bolted', '225 x 110 x 131 cm', 'Lachine', 'Musée de Lachine', '1, chemin du Musée, Lachine (Québec) H8S 4L9\r\n', '45.4299230', '-73.6665670', '12/31/1987', 'Lorem ipsum dolor sit amet, consectetur adipiscing elit, sed do eiusmod tempor incididunt ut labore et dolore magna aliqua. '),
(175, 'Lieux sans temple 5', 'Art public', 'Public art', 'Soudé  patiné  oxydé  collé  boulonné', 'Welded  burnished  oxidized  glued  bolted', '250 x 140,5 x 117,5 cm', 'Lachine', 'Musée de Lachine', '1, chemin du Musée, Lachine (Québec) H8S 4L9', '45.4298820', '-73.6665700', '12/31/1987', 'Lorem ipsum dolor sit amet, consectetur adipiscing elit, sed do eiusmod tempor incididunt ut labore et dolore magna aliqua. '),
(176, 'Souvenir de 1955 ou 2026 Roberval', 'Art public', 'Public art', 'Découpé  soudé  boulonné  peint', 'Cut out  welded  bolted  painted', '465 x 1017 x 800 cm', 'Lachine', NULL, NULL, '45.4291230', '-73.6818090', '07/09/1992', 'Lorem ipsum dolor sit amet, consectetur adipiscing elit, sed do eiusmod tempor incididunt ut labore et dolore magna aliqua. '),
(177, 'Fontaine Wallace', 'Art public', 'Public art', 'Moulé  boulonné  peint', 'Cast  bolted  painted', '275 cm x 82 x 82 cm', 'Ville-Marie', NULL, NULL, '45.5054190', '-73.5281200', '', 'Lorem ipsum dolor sit amet, consectetur adipiscing elit, sed do eiusmod tempor incididunt ut labore et dolore magna aliqua. '),
(178, 'Triptyque sur le paysage', 'Art public', 'Public art', NULL, NULL, '200 cm', 'Ahuntsic-Cartierville', NULL, '10897, rue Du Pont', '45.5754430', '-73.6616640', '12/31/1997', 'Lorem ipsum dolor sit amet, consectetur adipiscing elit, sed do eiusmod tempor incididunt ut labore et dolore magna aliqua. '),
(179, 'Signe solaire', 'Art public', 'Public art', NULL, NULL, '277 x 330 x 106.5 cm', 'Ville-Marie', NULL, NULL, '45.5132470', '-73.5308890', '09/18/1967', 'Lorem ipsum dolor sit amet, consectetur adipiscing elit, sed do eiusmod tempor incididunt ut labore et dolore magna aliqua. '),
(180, 'Ashapmouchouan', 'Art public', 'Public art', NULL, NULL, '417 x 245 cm', 'Le Plateau-Mont-Royal', 'Habitations Laurier', '465, rue Gilford\r\nMontréal, Québec', '45.5268610', '-73.5864450', '01/01/1964', 'Lorem ipsum dolor sit amet, consectetur adipiscing elit, sed do eiusmod tempor incididunt ut labore et dolore magna aliqua. '),
(181, 'Éclosion', 'Art public', 'Public art', 'Découpé  courbé  soudé  boulonné  peint', 'Cut out  bent  welded  bolted  painted', '258 x 142 x 202 cm', 'Lachine', 'Musée de Lachine', '1, chemin du Musée, Lachine (Québec) H8S 4L9', '45.4301040', '-73.6667610', '12/31/1972', 'Lorem ipsum dolor sit amet, consectetur adipiscing elit, sed do eiusmod tempor incididunt ut labore et dolore magna aliqua. '),
(182, 'À voile déchirée', 'Art public', 'Public art', NULL, NULL, '469 x 315 x 394 cm', 'Ville-Marie', 'Habitations De Maisonneuve', '2485, boulevard de Maisonneuve est\r\nMontréal, Québec', '45.5301320', '-73.5482580', '01/01/1972', 'Lorem ipsum dolor sit amet, consectetur adipiscing elit, sed do eiusmod tempor incididunt ut labore et dolore magna aliqua. '),
(183, 'Sublime', 'Art public', 'Public art', NULL, NULL, '762 x 457 cm', 'Le Sud-Ouest', 'Habitations Favard', '2066, rue Favard\r\nMontréal, Québec', '45.4779990', '-73.5562370', '01/01/1978', 'Lorem ipsum dolor sit amet, consectetur adipiscing elit, sed do eiusmod tempor incididunt ut labore et dolore magna aliqua. '),
(184, 'Évolution de joie', 'Art public', 'Public art', 'Coupé  courbé  soudé', 'Cut  bent  welded', '252.5 x 165 x 335', 'Le Plateau-Mont-Royal', 'Habitations De Mentana', '4110 rue Mentana\r\nMontréal, Québec', '45.5242250', '-73.5744700', '01/01/1973', 'Lorem ipsum dolor sit amet, consectetur adipiscing elit, sed do eiusmod tempor incididunt ut labore et dolore magna aliqua. '),
(185, 'Sans titre', 'Intégration à l\'architecture', 'Integration with architecture', 'Assemblé', 'Assembled', '211 x 1589 x 348 cm', 'Le Plateau-Mont-Royal', 'Bibliothèque du Plateau-Mont-Royal', '465 Avenue du Mont-Royal Est, Montréal, QC H2J 1W3', '45.5248310', '-73.5823130', '01/01/1984', 'Lorem ipsum dolor sit amet, consectetur adipiscing elit, sed do eiusmod tempor incididunt ut labore et dolore magna aliqua. '),
(186, 'Colonne stèle', 'Intégration à l\'architecture', 'Integration with architecture', 'Assemblage  inscription', 'Assembled  inscription', '244 x 45,5 x 32 cm', 'Le Plateau-Mont-Royal', 'Bibliothèque du Plateau-Mont-Royal', '465 Avenue du Mont-Royal Est, Montréal, QC H2J 1W3', '45.5248310', '-73.5823130', '01/01/1987', 'Lorem ipsum dolor sit amet, consectetur adipiscing elit, sed do eiusmod tempor incididunt ut labore et dolore magna aliqua. '),
(187, 'Regard sur le fleuve', 'Art public', 'Public art', 'Découpé  soudé', 'Cut out  welded', '312 x 650 x 20 cm', 'Lachine', NULL, NULL, '45.4356090', '-73.7064100', '07/09/1992', 'Lorem ipsum dolor sit amet, consectetur adipiscing elit, sed do eiusmod tempor incididunt ut labore et dolore magna aliqua. '),
(188, 'Table des matières de supports du savoir', 'Intégration à l\'architecture', 'Integration with architecture', 'Multiple', 'Multiple', '311 x 863 x 6', 'Villeray–Saint-Michel–Parc-Extension', 'Bibliothèque Parc-Extension', '421, rue Saint-Roch, H3N 1K2', '45.5312550', '-73.6285760', '01/01/2002', 'Lorem ipsum dolor sit amet, consectetur adipiscing elit, sed do eiusmod tempor incididunt ut labore et dolore magna aliqua. '),
(189, 'Tango de Montréal', 'Art public', 'Public art', 'Moulage d\'argile crue', 'Moulding of raw clay', '1040 x 1740 cm', 'Le Plateau-Mont-Royal', NULL, '4433-4435-4437, rue Rivard, Place Gérald Godin', '45.5242290', '-73.5814630', '12/12/1999', 'Lorem ipsum dolor sit amet, consectetur adipiscing elit, sed do eiusmod tempor incididunt ut labore et dolore magna aliqua. '),
(190, 'Les sons de la musique', 'Art public', 'Public art', 'Coulé  moulé', 'Cast  moulded', '246 x 1344 x 108 cm', 'Ville-Marie', NULL, NULL, '45.5070740', '-73.5609270', '10/01/1984', 'Lorem ipsum dolor sit amet, consectetur adipiscing elit, sed do eiusmod tempor incididunt ut labore et dolore magna aliqua. '),
(191, 'Cheval à plume', 'Art public', 'Public art', 'Taillé  sculpté  gravé  percé  peint', 'Carved  sculpted  engraved  pierced  painted', '245 x 315 x 210 cm', 'Lachine', NULL, NULL, '45.4279850', '-73.6792420', '01/01/1988', 'Lorem ipsum dolor sit amet, consectetur adipiscing elit, sed do eiusmod tempor incididunt ut labore et dolore magna aliqua. '),
(192, 'Études pour la figure, Saint-Laurent', 'Art public', 'Public art', 'Taillé  gravé  collé  peint', 'Carved  engraved  glued  painted', '310 x 95 x 95 cm', 'Lachine', NULL, NULL, '45.4337250', '-73.6855290', '07/09/1992', 'Lorem ipsum dolor sit amet, consectetur adipiscing elit, sed do eiusmod tempor incididunt ut labore et dolore magna aliqua. '),
(193, 'Monument aux braves de Verdun', 'Art public', 'Public art', NULL, NULL, NULL, 'Verdun', 'Hôtel de Ville arrondissement de Verdun', '4555 rue de Verdun', '45.4588820', '-73.5723140', NULL, 'Lorem ipsum dolor sit amet, consectetur adipiscing elit, sed do eiusmod tempor incididunt ut labore et dolore magna aliqua. '),
(194, 'After Babel, a Civic Square', 'Art public', 'Public art', 'Assemblé  soudé  découpé  moulé', 'Assembled  welded  cut out  cast', '450 x 1000 cm', 'Ville-Marie', NULL, NULL, '45.5099630', '-73.5672020', '09/01/1993', 'Lorem ipsum dolor sit amet, consectetur adipiscing elit, sed do eiusmod tempor incididunt ut labore et dolore magna aliqua. '),
(195, 'Les sports', 'Intégration à l\'architecture', 'Integration with architecture', 'Assemblage', 'Assembled', '84 x 2261 x 2,5 cm', 'Mercier–Hochelaga-Maisonneuve', 'Aréna Maurice-Richard', '2800 Rue Viau, Montréal, QC H1V 3J3', '45.5624640', '-73.5473040', '01/01/1960', 'Lorem ipsum dolor sit amet, consectetur adipiscing elit, sed do eiusmod tempor incididunt ut labore et dolore magna aliqua. '),
(196, 'La joie', 'Intégration à l\'architecture', 'Integration with architecture', 'Modelage  peinture', 'Modelling  painting', '254 x 1234,5 x 10', 'Mercier–Hochelaga-Maisonneuve', 'Centre Pierre-Charbonneau', '3000 Rue Viau, Montréal, QC H1V 3J3', '45.5620470', '-73.5500760', '01/01/1960', 'Lorem ipsum dolor sit amet, consectetur adipiscing elit, sed do eiusmod tempor incididunt ut labore et dolore magna aliqua. '),
(197, 'La peur', 'Art public', 'Public art', 'Peint  soudé  assemblé', 'Painted  welded  assembled', '365 x 121 x 320cm', 'Ville-Marie', NULL, NULL, '45.5013610', '-73.5552190', '12/12/1993', 'Lorem ipsum dolor sit amet, consectetur adipiscing elit, sed do eiusmod tempor incididunt ut labore et dolore magna aliqua. '),
(198, 'Monument à la Pointe', 'Art public', 'Public art', NULL, NULL, '1400 x 400 cm', 'Le Sud-Ouest', NULL, NULL, '45.4760150', '-73.5734490', '10/13/2001', 'Lorem ipsum dolor sit amet, consectetur adipiscing elit, sed do eiusmod tempor incididunt ut labore et dolore magna aliqua. '),
(199, 'Daleth', 'Art public', 'Public art', 'Coulé  gravé  découpé  collé  assemblé', 'Cast  engraved  cut out  glued  assembled', '350 x 6200 cm', 'Ahuntsic-Cartierville', NULL, NULL, '45.5345060', '-73.6784360', '05/01/2010', 'Lorem ipsum dolor sit amet, consectetur adipiscing elit, sed do eiusmod tempor incididunt ut labore et dolore magna aliqua. '),
(200, 'Trajectoire no 2', 'Art public', 'Public art', 'Soudé  peint  patiné  boulonné', 'Welded  painted  burnished  bolted', '195 cm x 103 cm x 276 cm', 'Lachine', 'Musée de Lachine', '1, chemin du Musée, Lachine (Québec) H8S 4L9', '45.4305420', '-73.6668520', '12/31/1982', 'Lorem ipsum dolor sit amet, consectetur adipiscing elit, sed do eiusmod tempor incididunt ut labore et dolore magna aliqua. '),
(201, 'Trame d’appel', 'Art public', 'Public art', 'Souder  peint  installation par ancrages chimique', 'Welding  painting  installation by chemical anchoring', '400 x 365 x 183 cm', 'L’Île-Bizard–Sainte-Geneviève', 'Pavillon Vincent Lecavalier', '500, montée de l\'Église, Montréal', '45.4875390', '-73.8834360', '07/31/1990', 'Lorem ipsum dolor sit amet, consectetur adipiscing elit, sed do eiusmod tempor incididunt ut labore et dolore magna aliqua. '),
(202, 'La naissance', 'Art public', 'Public art', 'Découpé  soudé', 'Cut out  welded', '380 X 100 X 140 cm', 'Verdun', 'Centre culturel de Verdun', '5955 Bannantyne, Verdun, Québec, H4H 1H6', '45.4485860', '-73.5776110', '12/31/1993', 'Lorem ipsum dolor sit amet, consectetur adipiscing elit, sed do eiusmod tempor incididunt ut labore et dolore magna aliqua. '),
(203, 'Le coup de départ', 'Art public', 'Public art', NULL, NULL, '538 X 371 X165 cm', 'Saint-Laurent', NULL, NULL, '45.5054150', '-73.7186340', '05/01/2009', 'Lorem ipsum dolor sit amet, consectetur adipiscing elit, sed do eiusmod tempor incididunt ut labore et dolore magna aliqua. '),
(204, 'Monument à Nelson', 'Art public', 'Public art', NULL, NULL, '2055 x 600 x 600 cm', 'Ville-Marie', NULL, NULL, '45.5081860', '-73.5538450', '', 'Lorem ipsum dolor sit amet, consectetur adipiscing elit, sed do eiusmod tempor incididunt ut labore et dolore magna aliqua. '),
(205, 'Site/interlude', 'Art public', 'Public art', 'Découpé  soudé', 'Cut out  welded', '400 x 185 x 8535 cm', 'Lachine', NULL, NULL, '45.4277770', '-73.6769730', '12/31/1994', 'Lorem ipsum dolor sit amet, consectetur adipiscing elit, sed do eiusmod tempor incididunt ut labore et dolore magna aliqua. '),
(206, 'Non titré (Fontaine  Les chérubins)', 'Art public', 'Public art', 'Coulée', 'Casting', NULL, 'Outremont', NULL, NULL, '45.5178950', '-73.6044640', '01/01/1927', 'Lorem ipsum dolor sit amet, consectetur adipiscing elit, sed do eiusmod tempor incididunt ut labore et dolore magna aliqua. '),
(207, 'La pierre et le feu', 'Art public', 'Public art', 'Découpé  soudé  boulonné  peint', 'Cut out  welded  bolted  painted', '304 x 122 x 400 cm', 'Lachine', NULL, NULL, '45.4289460', '-73.6829770', '01/01/1985', 'Lorem ipsum dolor sit amet, consectetur adipiscing elit, sed do eiusmod tempor incididunt ut labore et dolore magna aliqua. '),
(208, 'Temps d’arrêt', 'Art public', 'Public art', 'Coupage  assemblage  soudure', 'Cutting  assemblage  welding', '500 x 145 cm', 'Rosemont–La Petite-Patrie', NULL, NULL, '45.5490620', '-73.5926620', '09/30/2006', 'Lorem ipsum dolor sit amet, consectetur adipiscing elit, sed do eiusmod tempor incididunt ut labore et dolore magna aliqua. '),
(209, 'L\'eau et le transport', 'Intégration à l\'architecture', 'Integration with architecture', 'aluchromie', NULL, '274.5 x 812 cm', 'LaSalle', 'Usine de filtration Charles-J. des Baillets', '8585, Boulevard De La Vérendrye, LaSalle, Québec, H8N 2K2', '45.4250530', '-73.6190430', '01/01/1977', 'Lorem ipsum dolor sit amet, consectetur adipiscing elit, sed do eiusmod tempor incididunt ut labore et dolore magna aliqua. '),
(210, 'Courbes et vent', 'Intégration à l\'architecture', 'Integration with architecture', NULL, NULL, NULL, 'Pierrefonds-Roxboro', 'Bibliothèque de Pierrefonds', '13555, boulevard de Pierrefonds', '45.4959370', '-73.8474290', '01/01/1990', 'Lorem ipsum dolor sit amet, consectetur adipiscing elit, sed do eiusmod tempor incididunt ut labore et dolore magna aliqua. '),
(211, 'Fontaine du square Saint-Louis', 'Art public', 'Public art', NULL, NULL, '457 x 240 cm', 'Le Plateau-Mont-Royal', NULL, NULL, '45.5170410', '-73.5699640', '', 'Lorem ipsum dolor sit amet, consectetur adipiscing elit, sed do eiusmod tempor incididunt ut labore et dolore magna aliqua. '),
(212, 'Sculpture-fontaine, square Sir-George-Étienne-Cartier', 'Art public', 'Public art', NULL, NULL, '650 x 205 cm', 'Le Sud-Ouest', NULL, NULL, '45.4734130', '-73.5863900', NULL, 'Lorem ipsum dolor sit amet, consectetur adipiscing elit, sed do eiusmod tempor incididunt ut labore et dolore magna aliqua. '),
(213, 'Du long du long', 'Art public', 'Public art', 'Découpé  soudé  boulonné  peint', 'Cut out  welded  bolted  painted', '120 X 287X 496 cm', 'Lachine', NULL, NULL, '45.4311190', '-73.6734130', '12/31/1985', 'Lorem ipsum dolor sit amet, consectetur adipiscing elit, sed do eiusmod tempor incididunt ut labore et dolore magna aliqua. '),
(214, 'Les voûtes d\'Ulysse', 'Art public', 'Public art', 'Découpé  soudé  boulonné', 'Cut out  welded  bolted', '110 X 558 X 1226 cm', 'Lachine', NULL, NULL, '45.4289160', '-73.6822270', '12/31/1992', 'Lorem ipsum dolor sit amet, consectetur adipiscing elit, sed do eiusmod tempor incididunt ut labore et dolore magna aliqua. '),
(215, 'L\'eau et les sports', 'Intégration à l\'architecture', 'Integration with architecture', 'Aluchromie', NULL, ' 274,5 x 812 cm', 'LaSalle', 'Usine de filtration Charles-J. des Baillets', '8585, Boulevard De La Vérendrye, LaSalle, Québec, H8N 2K2', '45.4250530', '-73.6190430', '01/01/1979', 'Lorem ipsum dolor sit amet, consectetur adipiscing elit, sed do eiusmod tempor incididunt ut labore et dolore magna aliqua. '),
(216, 'From A', 'Art public', 'Public art', NULL, NULL, '170 x 150 x 590 cm', 'Lachine', NULL, NULL, '45.4287430', '-73.6860010', '12/31/1986', 'Lorem ipsum dolor sit amet, consectetur adipiscing elit, sed do eiusmod tempor incididunt ut labore et dolore magna aliqua. '),
(217, 'Force et progrès', 'Art public', 'Public art', 'Soudé  peint', 'Welded, painted', '255 x 220 x 425 cm', 'Lachine', NULL, NULL, '45.4310310', '-73.6701240', '12/31/1985', 'Lorem ipsum dolor sit amet, consectetur adipiscing elit, sed do eiusmod tempor incididunt ut labore et dolore magna aliqua. '),
(218, 'Écluses', 'Art public', 'Public art', 'Soudé', 'Welded', '415 x 111 x 135 cm', 'Lachine', NULL, NULL, '45.4282150', '-73.6782370', '12/31/1988', 'Lorem ipsum dolor sit amet, consectetur adipiscing elit, sed do eiusmod tempor incididunt ut labore et dolore magna aliqua. '),
(219, 'Vitraux', 'Intégration à l\'architecture', 'Integration with architecture', NULL, NULL, NULL, 'Ville-Marie', 'Hôtel de Ville de Montréal', '275 Rue Notre-Dame Est, Montréal, QC H2Y 1C6', '45.5088160', '-73.5540690', '01/01/1926', 'Lorem ipsum dolor sit amet, consectetur adipiscing elit, sed do eiusmod tempor incididunt ut labore et dolore magna aliqua. '),
(220, 'Jour ou nuit inconnue', 'Intégration à l\'architecture', 'Integration with architecture', 'Sérigraphie', 'Serigraphy', '254 x 685 x 35 cm', 'Rivière-des-Prairies–Pointe-aux-Trembles', 'Maison de la culture Pointe-aux-Trembles', '14001, rue Notre-Dame Est, Montréal, H1A 1T9', '45.6680730', '-73.4947820', '01/01/1998', 'Lorem ipsum dolor sit amet, consectetur adipiscing elit, sed do eiusmod tempor incididunt ut labore et dolore magna aliqua. '),
(221, 'Ce qui reste 1997-2001', 'Intégration à l\'architecture', 'Integration with architecture', NULL, NULL, '400 x 234 x 2 cm', 'Ville-Marie', 'Centre d\'histoire de Montréal', '335 Place d\'Youville, Montréal, QC H2Y 3T1', '45.5010790', '-73.5555150', '08/01/2001', 'Lorem ipsum dolor sit amet, consectetur adipiscing elit, sed do eiusmod tempor incididunt ut labore et dolore magna aliqua. '),
(222, 'Le roi Singe', 'Art public', 'Public art', 'Coulé  assemblé  moulé', 'Cast  assembled  moulded', '550 x 400 x 21 cm', 'Ville-Marie', NULL, NULL, '45.5069070', '-73.5605900', '10/01/1984', 'Lorem ipsum dolor sit amet, consectetur adipiscing elit, sed do eiusmod tempor incididunt ut labore et dolore magna aliqua. '),
(223, 'Le spectacle de la curiosité', 'Intégration à l\'architecture', 'Integration with architecture', 'Impression sur papier ilfochrome', 'Print on Ilfochrome paper', '260 x 800 cm', 'Ahuntsic-Cartierville', 'Maison de la culture d\'Ahuntsic - Cartierville', '10 300 rue Lajeunesse, 1er étage, Montréal (Québec), H3L 2E5 ', '45.5533570', '-73.6627430', '01/01/1998', 'Lorem ipsum dolor sit amet, consectetur adipiscing elit, sed do eiusmod tempor incididunt ut labore et dolore magna aliqua. '),
(224, 'Espace vert', 'Art public', 'Public art', 'Impressions numériques montées à froid sur support de plexiglas (acrylique).', 'Digital prints cold-mounted on Plexiglas support (acrylic)', '215 x 450 x 36', 'Outremont', 'Centre communautaire intergénérationnel d\'Outremont', '999, avenue McEachran, Montréal (QC) H2V 3E6', '45.5195790', '-73.6192470', '01/01/2006', 'Lorem ipsum dolor sit amet, consectetur adipiscing elit, sed do eiusmod tempor incididunt ut labore et dolore magna aliqua. '),
(225, 'Être +', 'Intégration à l\'architecture', 'Integration with architecture', NULL, NULL, NULL, 'Rosemont–La Petite-Patrie', 'Chalet du parc Étienne Desmarteaux', '3800, rue Beaubien est, Montréal, QC H1X 2T1', '45.5596850', '-73.5815820', NULL, 'Lorem ipsum dolor sit amet, consectetur adipiscing elit, sed do eiusmod tempor incididunt ut labore et dolore magna aliqua. '),
(226, 'Monument à Louis Cyr', 'Art public', 'Public art', 'Bronze coulé  cire perdue', 'Cast bronze  cire perdue', '440  x 183  x 180 cm', 'Le Sud-Ouest', NULL, NULL, '45.4753820', '-73.5932250', '12/31/1970', 'Lorem ipsum dolor sit amet, consectetur adipiscing elit, sed do eiusmod tempor incididunt ut labore et dolore magna aliqua. '),
(227, 'Le serment de Dollard des Ormeaux et de ses compagnons', 'Intégration à l\'architecture', 'Integration with architecture', NULL, NULL, NULL, 'Ville-Marie', 'Chalet du parc du Mont-Royal', '1196 Voie Camillien Houde, Montréal, QC H3H 1A1', '45.5039650', '-73.5873280', NULL, 'Lorem ipsum dolor sit amet, consectetur adipiscing elit, sed do eiusmod tempor incididunt ut labore et dolore magna aliqua. '),
(228, 'Monument à Jean-Olivier Chénier', 'Art public', 'Public art', 'Sculpture de cuivre formé  soudure à l\'étain.', 'Shaped copper sculpture  tin soldering', '400 x 100 x 100 cm', 'Ville-Marie', NULL, NULL, '45.5110420', '-73.5549600', '', 'Lorem ipsum dolor sit amet, consectetur adipiscing elit, sed do eiusmod tempor incididunt ut labore et dolore magna aliqua. '),
(229, 'Sans titre', 'Art public', 'Public art', 'Sculpté', 'Sculpted', '348 x 335 x 267 cm', 'Ville-Marie', NULL, NULL, '45.4999940', '-73.5944890', '08/17/1964', 'Lorem ipsum dolor sit amet, consectetur adipiscing elit, sed do eiusmod tempor incididunt ut labore et dolore magna aliqua. '),
(230, 'Maisonneuve érige une croix sur la montagne', 'Intégration à l\'architecture', 'Integration with architecture', NULL, NULL, NULL, 'Ville-Marie', 'Chalet du parc du Mont-Royal', '1196 Voie Camillien Houde, Montréal, QC H3H 1A1', '45.5039950', '-73.5872780', NULL, 'Lorem ipsum dolor sit amet, consectetur adipiscing elit, sed do eiusmod tempor incididunt ut labore et dolore magna aliqua. '),
(231, 'Monument à Isabelle la Catholique', 'Art public', 'Public art', 'Bronze coulé', 'Cast bronze ', '293 x 152.5 x 107 cm', 'Le Plateau-Mont-Royal', NULL, NULL, '45.5310790', '-73.5860230', '10/12/1958', 'Lorem ipsum dolor sit amet, consectetur adipiscing elit, sed do eiusmod tempor incididunt ut labore et dolore magna aliqua. '),
(232, 'Épisode', 'Art public', 'Public art', 'Ciment fondu', 'Aluminous cement ', '184 x 250 x 113 cm', 'Rosemont–La Petite-Patrie', 'Jardin botanique', '4101, rue Sherbrooke Est, Montréal, Québec, H1X 2B2', '45.5604830', '-73.5585570', '01/01/1966', 'Lorem ipsum dolor sit amet, consectetur adipiscing elit, sed do eiusmod tempor incididunt ut labore et dolore magna aliqua. '),
(233, 'Continuum 2009 (à la mémoire de Pierre Perrault)', 'Art public', 'Public art', 'Assemblé  soudé', 'Assembled  welded', '305 x 770 x 300 cm', 'Mercier–Hochelaga-Maisonneuve', NULL, NULL, '45.6042490', '-73.5095480', '11/10/2009', 'Lorem ipsum dolor sit amet, consectetur adipiscing elit, sed do eiusmod tempor incididunt ut labore et dolore magna aliqua. '),
(234, 'Explorer', 'Art public', 'Public art', 'Soudé  boulonné  découpé  moulé', 'Welded  bolted  cut out  moulded', '484 x 178 x 212 cm', 'Lachine', NULL, NULL, '45.4288900', '-73.6808530', '12/31/1994', 'Lorem ipsum dolor sit amet, consectetur adipiscing elit, sed do eiusmod tempor incididunt ut labore et dolore magna aliqua. '),
(235, 'Sans titre', 'Art public', 'Public art', 'Sculpté', 'Sculpted', '336 x 117 x 178 cm', 'Ville-Marie', NULL, NULL, '45.5000250', '-73.5940550', '08/17/1964', 'Lorem ipsum dolor sit amet, consectetur adipiscing elit, sed do eiusmod tempor incididunt ut labore et dolore magna aliqua. '),
(236, 'Non titré', 'Intégration à l\'architecture', 'Integration with architecture', 'Découpé  assemblé  boulonné', 'Cut out  assembled  screwed', '1 200 x 1 200 x 15 cm', 'Côte-des-Neiges–Notre-Dame-de-Grâce', 'Bibliothèque Côte-des-Neiges', '5290, chemin de la Côte-des-Neiges, Montréal, QC, H3T 1Y2', '45.4960730', '-73.6221160', '01/01/1983', 'Lorem ipsum dolor sit amet, consectetur adipiscing elit, sed do eiusmod tempor incididunt ut labore et dolore magna aliqua. '),
(237, 'Non titré (Portes)', 'Intégration à l\'architecture', 'Integration with architecture', NULL, NULL, NULL, 'Côte-des-Neiges–Notre-Dame-de-Grâce', 'Maison de la culture Notre-Dame-de-Grâce', '3755, rue Botrel, Montréal, H4A 3G8', '45.4756050', '-73.6145870', '01/01/1983', 'Lorem ipsum dolor sit amet, consectetur adipiscing elit, sed do eiusmod tempor incididunt ut labore et dolore magna aliqua. '),
(238, 'Le phare d\'Archimède', 'Art public', 'Public art', 'Meulé  cimenté', 'Buffed  cemented', '750 x 1000 x 1050 cm', 'Lachine', NULL, NULL, '45.4291610', '-73.6882050', '01/01/1986', 'Lorem ipsum dolor sit amet, consectetur adipiscing elit, sed do eiusmod tempor incididunt ut labore et dolore magna aliqua. '),
(239, 'Le déjeuner sur l’herbe', 'Art public', 'Public art', 'Taillé  polissage  tourné  coulé  patiné', 'Carved  polishing    cast  burnished', '300 x 900 x 1308 cm', 'Lachine', NULL, NULL, '45.4284820', '-73.6775760', '01/01/1997', 'Lorem ipsum dolor sit amet, consectetur adipiscing elit, sed do eiusmod tempor incididunt ut labore et dolore magna aliqua. '),
(240, 'Girafes', 'Art public', 'Public art', 'Assemblé  soudé  peint', 'Assembled  welded  painted', '11,8 x 3 m', 'Ville-Marie', NULL, NULL, '45.5200490', '-73.5320320', '07/18/1966', 'Lorem ipsum dolor sit amet, consectetur adipiscing elit, sed do eiusmod tempor incididunt ut labore et dolore magna aliqua. '),
(241, 'Migration', 'Art public', 'Public art', 'Coulé  boulonné', 'Cast  bolted', '465 x 230 x 400 cm', 'Ville-Marie', NULL, NULL, '45.5140750', '-73.5346550', '05/01/1967', 'Lorem ipsum dolor sit amet, consectetur adipiscing elit, sed do eiusmod tempor incididunt ut labore et dolore magna aliqua. '),
(242, 'Hommage à René Lévesque', 'Art public', 'Public art', 'Ciment moulé', 'Moulded cement', '518 x 1829 x 457 cm', 'Lachine', NULL, NULL, '45.4287490', '-73.6871240', '12/31/1988', 'Lorem ipsum dolor sit amet, consectetur adipiscing elit, sed do eiusmod tempor incididunt ut labore et dolore magna aliqua. '),
(243, 'Lieu', 'Art public', 'Public art', 'Moulé  assemblé', 'Cast  assembled', '700 x 914 cm', 'Saint-Laurent', NULL, NULL, '45.5163500', '-73.7253940', '01/01/1990', 'Lorem ipsum dolor sit amet, consectetur adipiscing elit, sed do eiusmod tempor incididunt ut labore et dolore magna aliqua. '),
(244, 'Les promeneurs', 'Art public', 'Public art', NULL, NULL, '592 x 190 x 812', 'Saint-Laurent', NULL, NULL, '45.5272730', '-73.6868820', '12/31/1990', 'Lorem ipsum dolor sit amet, consectetur adipiscing elit, sed do eiusmod tempor incididunt ut labore et dolore magna aliqua. '),
(245, 'Trampolino', 'Art public', 'Public art', 'Soudé  assemblé', 'Welded  assembled', '350 x 600', 'Saint-Léonard', 'Centre Léonard de Vinci', '8371, boulevard Lacordaire, Montréal', '45.5857230', '-73.5966440', '12/31/2001', 'Lorem ipsum dolor sit amet, consectetur adipiscing elit, sed do eiusmod tempor incididunt ut labore et dolore magna aliqua. '),
(246, 'Dex', 'Art public', 'Public art', 'Assemblé  soudé  percé', 'Assembled  welded  pierced', '148 x 503 x 730 cm', 'Lachine', 'Musée de Lachine', '1, chemin du Musée, Lachine (Québec) H8S 4L9', '45.4304290', '-73.6662290', '12/31/1977', 'Lorem ipsum dolor sit amet, consectetur adipiscing elit, sed do eiusmod tempor incididunt ut labore et dolore magna aliqua. '),
(247, 'Affinités', 'Art public', 'Public art', 'Assemblé  soudé  martelé  découpé  patiné', 'Assembled  welded  hammered  cut out  burnished', '268 x 160 x 150 cm', 'Ville-Marie', NULL, NULL, '45.4958320', '-73.5961900', '12/31/1967', 'Lorem ipsum dolor sit amet, consectetur adipiscing elit, sed do eiusmod tempor incididunt ut labore et dolore magna aliqua. '),
(248, 'Puerta de la Amistad', 'Art public', 'Public art', NULL, NULL, '750 x 120 x 570 cm', 'Ville-Marie', NULL, NULL, '45.5110150', '-73.5333860', '12/31/1993', 'Lorem ipsum dolor sit amet, consectetur adipiscing elit, sed do eiusmod tempor incididunt ut labore et dolore magna aliqua. '),
(249, 'Monument à Norman Bethune', 'Art public', 'Public art', 'Taille directe', 'Direct carving', '380 x 100 x 100 cm', 'Ville-Marie', NULL, NULL, '45.4959700', '-73.5794600', '04/13/1977', 'Lorem ipsum dolor sit amet, consectetur adipiscing elit, sed do eiusmod tempor incididunt ut labore et dolore magna aliqua. '),
(250, 'Sans titre', 'Art public', 'Public art', 'Taille directe', 'Direct carving', '274 x 127 x 81 cm', 'Ville-Marie', NULL, NULL, '45.5005000', '-73.5943350', '08/17/1964', 'Lorem ipsum dolor sit amet, consectetur adipiscing elit, sed do eiusmod tempor incididunt ut labore et dolore magna aliqua. '),
(251, 'Les sœurs cardinales', 'Art public', 'Public art', 'Taille directe', 'Direct carving', '440 x 360 x 100', 'Ville-Marie', NULL, NULL, '45.4998810', '-73.5948160', '08/17/1964', 'Lorem ipsum dolor sit amet, consectetur adipiscing elit, sed do eiusmod tempor incididunt ut labore et dolore magna aliqua. '),
(252, 'L\'ange de pierre', 'Art public', 'Public art', 'Sculpté', 'Sculpted', '208 x 152cm', 'Ville-Marie', NULL, NULL, '45.5004210', '-73.5937590', '07/18/1964', 'Lorem ipsum dolor sit amet, consectetur adipiscing elit, sed do eiusmod tempor incididunt ut labore et dolore magna aliqua. '),
(253, 'Non titré', 'Art public', 'Public art', 'Coulé', 'Cast', '445 x 600 x 600 cm', 'Saint-Léonard', NULL, NULL, '45.5820480', '-73.5824850', '01/01/1986', 'Lorem ipsum dolor sit amet, consectetur adipiscing elit, sed do eiusmod tempor incididunt ut labore et dolore magna aliqua. '),
(254, 'La fondation de Montréal est décidée à Paris', 'Intégration à l\'architecture', 'Integration with architecture', NULL, NULL, NULL, 'Ville-Marie', 'Chalet du parc du Mont-Royal', '1196 Voie Camillien Houde, Montréal, QC H3H 1A1', '45.5040200', '-73.5872380', NULL, 'Lorem ipsum dolor sit amet, consectetur adipiscing elit, sed do eiusmod tempor incididunt ut labore et dolore magna aliqua. '),
(255, 'Polaris en lumière', 'Art public', 'Public art', 'Image lumineuse projettée au sol', 'Illuminated image projected on the ground', NULL, 'Ville-Marie', NULL, NULL, '45.5046360', '-73.5571280', '11/29/2012', 'Lorem ipsum dolor sit amet, consectetur adipiscing elit, sed do eiusmod tempor incididunt ut labore et dolore magna aliqua. '),
(256, 'Équinoxe', 'Art public', 'Public art', 'Gravé  incrusté', 'Engraved  inlaid', '248 x 200', 'Ville-Marie', NULL, NULL, '45.5081800', '-73.5512900', '12/31/1998', 'Lorem ipsum dolor sit amet, consectetur adipiscing elit, sed do eiusmod tempor incididunt ut labore et dolore magna aliqua. '),
(257, 'Force', 'Art public', 'Public art', NULL, NULL, '330 x 2900 x 4500 cm', 'Ville-Marie', NULL, NULL, '45.5126250', '-73.5538210', '06/01/1985', 'Lorem ipsum dolor sit amet, consectetur adipiscing elit, sed do eiusmod tempor incididunt ut labore et dolore magna aliqua. '),
(258, 'Murale céramique', 'Intégration à l\'architecture', 'Integration with architecture', 'Assemblage  peinture', 'Assembly  painting', '213,5 x 1559 cm ', 'Mercier–Hochelaga-Maisonneuve', 'Centre Pierre-Charbonneau', '3000 Rue Viau, Montréal, QC H1V 3J3', '45.5620470', '-73.5500760', '01/01/1960', 'Lorem ipsum dolor sit amet, consectetur adipiscing elit, sed do eiusmod tempor incididunt ut labore et dolore magna aliqua. '),
(259, 'Monument à Nicolas Copernic', 'Art public', 'Public art', 'Bronzé coulé', 'Cast bronze ', '452 x 148 cm', 'Mercier–Hochelaga-Maisonneuve', 'Planétarium Rio Tinto Alcan de Montréal', '4801, avenue Pierre-De Coubertin, Montréal  Québec  H1V 3V4', '45.5606410', '-73.5493750', '12/31/1967', 'Lorem ipsum dolor sit amet, consectetur adipiscing elit, sed do eiusmod tempor incididunt ut labore et dolore magna aliqua. '),
(260, 'Dollard des Ormeaux meurt à Long-Sault pour sauver la colonie', 'Intégration à l\'architecture', 'Integration with architecture', NULL, NULL, NULL, 'Ville-Marie', 'Chalet du parc du Mont-Royal', '1196 Voie Camillien Houde, Montréal, QC H3H 1A1', '45.5041050', '-73.5872590', NULL, 'Lorem ipsum dolor sit amet, consectetur adipiscing elit, sed do eiusmod tempor incididunt ut labore et dolore magna aliqua. '),
(261, 'Buste de José de San Martin', 'Art public', 'Public art', 'Fonte à la cire perdue', 'Iron cast in the cire perdue method', '276 x 105.5 x 95 cm', 'Ville-Marie', NULL, NULL, '45.4893650', '-73.5808910', '01/01/2000', 'Lorem ipsum dolor sit amet, consectetur adipiscing elit, sed do eiusmod tempor incididunt ut labore et dolore magna aliqua. '),
(262, 'Spatio-mobile #1', 'Art public', 'Public art', 'Soudé, peint', 'Welded, painted', '176 x 135 x 150 cm', 'Lachine', 'Musée de Lachine', '1, chemin du Musée, Lachine (Québec) H8S 4L9', '45.4303170', '-73.6663150', '12/31/1966', 'Lorem ipsum dolor sit amet, consectetur adipiscing elit, sed do eiusmod tempor incididunt ut labore et dolore magna aliqua. '),
(263, 'Le phare du Cosmos', 'Art public', 'Public art', 'Taille  soudé', 'Carved  welded', '960 x 280 cm', 'Ville-Marie', NULL, NULL, '45.5093350', '-73.5327050', '05/01/1967', 'Lorem ipsum dolor sit amet, consectetur adipiscing elit, sed do eiusmod tempor incididunt ut labore et dolore magna aliqua. '),
(264, 'Parvis et portail #22', 'Art public', 'Public art', 'Soudé  poli', 'Welded  polished', '492 x 575 x 1000 cm', 'Saint-Laurent', NULL, NULL, '45.5160240', '-73.6799060', '01/01/2000', 'Lorem ipsum dolor sit amet, consectetur adipiscing elit, sed do eiusmod tempor incididunt ut labore et dolore magna aliqua. '),
(265, 'La force', 'Art public', 'Public art', 'Coulé  moulé', 'Cast  moulded', '244 x 533 x 275 cm', 'Ville-Marie', NULL, NULL, '45.5000950', '-73.5955060', '08/15/1964', 'Lorem ipsum dolor sit amet, consectetur adipiscing elit, sed do eiusmod tempor incididunt ut labore et dolore magna aliqua. '),
(266, 'La sainte Trinité', 'Art public', 'Public art', 'Moulé  soudé  peint (?)', 'Cast  welded  painted (?)', '130 x 90 x 165', 'Le Plateau-Mont-Royal', NULL, NULL, '45.5176120', '-73.5694110', '12/31/1965', 'Lorem ipsum dolor sit amet, consectetur adipiscing elit, sed do eiusmod tempor incididunt ut labore et dolore magna aliqua. '),
(267, 'Rectangle', 'Art public', 'Public art', 'Moulé  sculpté', 'Cast  sculpted', '245 x L:124 x L:85 cm', 'Rosemont–La Petite-Patrie', 'Jardin botanique', '4101, rue Sherbrooke Est, Montréal, Québec, H1X 2B2', '45.5609660', '-73.5645890', '12/31/1965', 'Lorem ipsum dolor sit amet, consectetur adipiscing elit, sed do eiusmod tempor incididunt ut labore et dolore magna aliqua. '),
(268, 'Sans titre', 'Art public', 'Public art', 'Coulé  peint', 'Cast  painted', '97 x 167 x 183 cm', 'Le Plateau-Mont-Royal', NULL, NULL, '45.5174210', '-73.5692950', '12/31/1972', 'Lorem ipsum dolor sit amet, consectetur adipiscing elit, sed do eiusmod tempor incididunt ut labore et dolore magna aliqua. '),
(269, 'Justice et paix', 'Art public', 'Public art', 'Taillé  sculpté  gravé  peint', 'Carved  sculpted  engraved  painted', '360 x 300 x 570 cm', 'Saint-Léonard', NULL, NULL, '45.5865780', '-73.5951430', '01/01/1986', 'Lorem ipsum dolor sit amet, consectetur adipiscing elit, sed do eiusmod tempor incididunt ut labore et dolore magna aliqua. '),
(270, 'L\'argoulet', 'Art public', 'Public art', 'Sculpté  taillé  poli  assemblé', 'Sculpted  carved  polished  assembled', '550 x 130 x 242', 'Verdun', NULL, NULL, '45.4725250', '-73.5704810', '12/31/1985', 'Lorem ipsum dolor sit amet, consectetur adipiscing elit, sed do eiusmod tempor incididunt ut labore et dolore magna aliqua. '),
(271, 'Les cariatides', 'Art public', 'Public art', 'Découpé  collé  boulonné  taillé  peint  planté', 'Cut out  glued  screwed  carved  painted  planted', '262 x 610 x 1723 cm', 'Lachine', NULL, NULL, '45.4286880', '-73.6842510', '01/01/1988', 'Lorem ipsum dolor sit amet, consectetur adipiscing elit, sed do eiusmod tempor incididunt ut labore et dolore magna aliqua. '),
(272, 'Les dos blancs', 'Art public', 'Public art', 'Techniques multiples', 'Multiple techniques ', '251 x 350 x 930 cm', 'Saint-Laurent', NULL, NULL, '45.5216790', '-73.6717060', '01/01/1990', 'Lorem ipsum dolor sit amet, consectetur adipiscing elit, sed do eiusmod tempor incididunt ut labore et dolore magna aliqua. '),
(273, 'Le portage', 'Art public', 'Public art', 'Taillé  sculpté  gravé  boulonnée  collé', 'Carved  sculpted  engraved  screwed  glued', '265 x 260 x 800 cm', 'Lachine', NULL, NULL, '45.4374850', '-73.7142810', '07/09/1992', 'Lorem ipsum dolor sit amet, consectetur adipiscing elit, sed do eiusmod tempor incididunt ut labore et dolore magna aliqua. '),
(274, 'Cadran solaire', 'Art public', 'Public art', 'Soudage  coulé  anodisation  peint', 'Welding  cast  anodized  painted', '350 x 360 x 360 cm', 'Mercier–Hochelaga-Maisonneuve', 'Planétarium Rio Tinto Alcan de Montréal', '4801, avenue Pierre-De Coubertin, Montréal  Québec  H1V 3V4', '45.5608050', '-73.5497670', '01/01/1967', 'Lorem ipsum dolor sit amet, consectetur adipiscing elit, sed do eiusmod tempor incididunt ut labore et dolore magna aliqua. '),
(275, 'Story Rock', 'Art public', 'Public art', NULL, NULL, '244 x 240 x 220 cm', 'Lachine', NULL, NULL, '45.4280960', '-73.6771990', '12/31/1986', 'Lorem ipsum dolor sit amet, consectetur adipiscing elit, sed do eiusmod tempor incididunt ut labore et dolore magna aliqua. '),
(276, 'Le navigateur', 'Art public', 'Public art', 'Gravé', 'Engraved', '350 x 620 x 245 cm', 'Lachine', NULL, NULL, '45.4385130', '-73.7192080', '07/09/1992', 'Lorem ipsum dolor sit amet, consectetur adipiscing elit, sed do eiusmod tempor incididunt ut labore et dolore magna aliqua. '),
(277, 'Vortexit II', 'Art public', 'Public art', 'Assemblé  gravé  fixé', 'Assembled  engraved  attached', '270 x 1050 x 1440 cm', 'Lachine', NULL, NULL, '45.4286030', '-73.6785860', '01/01/2009', 'Lorem ipsum dolor sit amet, consectetur adipiscing elit, sed do eiusmod tempor incididunt ut labore et dolore magna aliqua. '),
(278, 'Non titré (Traitement pictural au plafond de l\'ancien bureau du conservateur)', 'Intégration à l\'architecture', 'Integration with architecture', NULL, NULL, NULL, 'Ville-Marie', 'Édifice Gaston-Miron', '1210, rue Sherbrooke Est, Montréal (Québec) H2L 1L9', '45.5227410', '-73.5653310', '01/01/1931', 'Lorem ipsum dolor sit amet, consectetur adipiscing elit, sed do eiusmod tempor incididunt ut labore et dolore magna aliqua. ');
INSERT INTO `oeuvre` (`id_oeuvre`, `Titre`, `NomCollection`, `NomCollectionAng`, `Technique`, `TechniqueAng`, `Dimensions`, `Arrondissement`, `Batiment`, `AdresseCivique`, `CoordonneeLatitude`, `CoordonneeLongitude`, `dateCreation`, `Description`) VALUES
(279, 'Murale extérieure', 'Intégration à l\'architecture', 'Integration with architecture', NULL, NULL, '183 x 361,5 cm', 'Ville-Marie', 'Pavillon du lac aux Castors', '2000, chemin Remembrance, Montréal (Québec) H3H 1A2', '45.4985260', '-73.5991610', '12/31/2006', 'Lorem ipsum dolor sit amet, consectetur adipiscing elit, sed do eiusmod tempor incididunt ut labore et dolore magna aliqua. '),
(280, 'Des lauriers pour mémoire, Jean-Duceppe 1923-1990', 'Art public', 'Public art', 'Forge  soudure  assemblage', 'Forging  welding  assembly', '240 x  1130 cm', 'Rosemont–La Petite-Patrie', NULL, NULL, '45.5435290', '-73.5660530', NULL, 'Lorem ipsum dolor sit amet, consectetur adipiscing elit, sed do eiusmod tempor incididunt ut labore et dolore magna aliqua. '),
(281, 'Monument à Jacques Cartier', 'Art public', 'Public art', 'Statue originale : cuivre repoussé-estampé  Statue actuelle : fonte  Fontaine : moulage', 'Original statue: copper repoussé-embossed  Current statue: cast iron  Fountain: casting', '9.14 m (h) x 3.6 m (diamètre)', 'Le Sud-Ouest', NULL, NULL, '45.4800580', '-73.5862690', '', 'Lorem ipsum dolor sit amet, consectetur adipiscing elit, sed do eiusmod tempor incididunt ut labore et dolore magna aliqua. '),
(282, 'Le banc des amoureux', 'Art public', 'Public art', 'Coulé', 'Cast', '184 x 240 x 150 cm', 'Rosemont–La Petite-Patrie', 'Jardin botanique', '4101, rue Sherbrooke Est, Montréal, Québec, H1X 2B2', '45.5561630', '-73.5582940', '01/01/1976', 'Lorem ipsum dolor sit amet, consectetur adipiscing elit, sed do eiusmod tempor incididunt ut labore et dolore magna aliqua. '),
(283, 'Monument à sir John A. Macdonald', 'Art public', 'Public art', NULL, NULL, '1800 x 486 x 432 cm', 'Ville-Marie', NULL, NULL, '45.4987860', '-73.5696380', '', 'Lorem ipsum dolor sit amet, consectetur adipiscing elit, sed do eiusmod tempor incididunt ut labore et dolore magna aliqua. '),
(284, 'Wind Boat', 'Art public', 'Public art', 'Assemblé  imbriqué', 'Assembled  interlocked', '762 x 183 x 148 cm', 'LaSalle', NULL, NULL, '45.4326870', '-73.5881150', '01/01/1990', 'Lorem ipsum dolor sit amet, consectetur adipiscing elit, sed do eiusmod tempor incididunt ut labore et dolore magna aliqua. '),
(285, 'The Passing Song', 'Art public', 'Public art', NULL, NULL, '456 x 744 cm', 'Lachine', NULL, NULL, '45.4289710', '-73.6812050', '12/31/1992', 'Lorem ipsum dolor sit amet, consectetur adipiscing elit, sed do eiusmod tempor incididunt ut labore et dolore magna aliqua. '),
(286, 'The First Jewel', 'Art public', 'Public art', 'Coulé', 'Cast', '172 x 115 x 70 cm', 'Rosemont–La Petite-Patrie', 'Jardin botanique', '4101, rue Sherbrooke Est, Montréal, Québec, H1X 2B2', '45.5597030', '-73.5569110', '01/01/1973', 'Lorem ipsum dolor sit amet, consectetur adipiscing elit, sed do eiusmod tempor incididunt ut labore et dolore magna aliqua. '),
(287, 'Sans titre', 'Art public', 'Public art', 'Sculpté', 'Sculpted', '197 x 102 x 84 cm', 'Ville-Marie', NULL, NULL, '45.4999080', '-73.5943610', '08/17/1964', 'Lorem ipsum dolor sit amet, consectetur adipiscing elit, sed do eiusmod tempor incididunt ut labore et dolore magna aliqua. '),
(288, 'Monument à la reine Victoria', 'Art public', 'Public art', NULL, NULL, '1190 x 437.5 x 437.5 cm', 'Ville-Marie', NULL, NULL, '45.5014210', '-73.5615860', '', 'Lorem ipsum dolor sit amet, consectetur adipiscing elit, sed do eiusmod tempor incididunt ut labore et dolore magna aliqua. '),
(289, 'L\'étreinte', 'Art public', 'Public art', 'Aluminium: découpé  plié  soudé et assemblé. Granit: gravé au jet de sable (fabrication artisanale)', 'Aluminum: cut out, bends  welded and assembled. Granite: Sandblast engraving.', 'Les différents ensemble de l\'installation sont répartis dans le parc.', 'Ville-Marie', NULL, 'Devant l\'entrée du 250, boul. de Maisonneuve est', '45.5123860', '-73.5635930', '09/08/2013', 'Lorem ipsum dolor sit amet, consectetur adipiscing elit, sed do eiusmod tempor incididunt ut labore et dolore magna aliqua. '),
(290, 'Constellation en Sol', 'Intégration à l\'architecture', 'Integration with architecture', 'Découpage au laser  impression  assemblage', 'Laser cutting  printing  assembly', NULL, 'Rosemont–La Petite-Patrie', 'Bibliothèque Marc-Favreau', '500 Boulevard Rosemont, Montréal, Qc H2S 0C4', '45.5318320', '-73.5975430', '01/01/2013', 'Lorem ipsum dolor sit amet, consectetur adipiscing elit, sed do eiusmod tempor incididunt ut labore et dolore magna aliqua. '),
(291, 'Hommage à l\'esprit sportif', 'Intégration à l\'architecture', 'Integration with architecture', NULL, NULL, NULL, 'Montréal-Nord', 'Aréna Garon', '11212 Rue Garon, Montréal-Nord, QC', '45.5949940', '-73.6379550', '01/01/1990', 'Lorem ipsum dolor sit amet, consectetur adipiscing elit, sed do eiusmod tempor incididunt ut labore et dolore magna aliqua. '),
(292, 'La Bourrasque', 'Intégration à l\'architecture', 'Integration with architecture', 'Découpe au laser', 'Laser cutting ', '2700 x 570 cm', 'Saint-Laurent', 'Bibliothèque du Boisé', '2727 Boulevard Thimens, Montréal, QC H4R 1T4', '45.5040720', '-73.7051850', '05/10/2013', 'Lorem ipsum dolor sit amet, consectetur adipiscing elit, sed do eiusmod tempor incididunt ut labore et dolore magna aliqua. '),
(293, 'Voiles', 'Art public', 'Public art', 'Poli, finition effectuée par meuleuse à disque (gros grain)', 'Polished, finished using a disk grinder (coarse grit)', '488 x 310 x 10 cm\r\n488 x 275 x 13 cm', 'Montréal-Nord', NULL, NULL, '45.6031860', '-73.6425560', '12/31/1990', 'Lorem ipsum dolor sit amet, consectetur adipiscing elit, sed do eiusmod tempor incididunt ut labore et dolore magna aliqua. '),
(294, 'Chorégraphie pour les humains et les étoiles', 'Art public', 'Public art', 'Béton coulé (stèles)  vidéoprojections (oeuvre numérique)', NULL, 'Hauteur 1500cm', 'Mercier–Hochelaga-Maisonneuve', 'Planétarium Rio Tinto Alcan de Montréal', '4801, avenue Pierre-De Coubertin, Montréal  Québec  H1V 3V4', '45.5607350', '-73.5501160', '09/08/2013', 'Lorem ipsum dolor sit amet, consectetur adipiscing elit, sed do eiusmod tempor incididunt ut labore et dolore magna aliqua. '),
(295, 'Carrefour', 'Intégration à l\'architecture', 'Integration with architecture', 'Moulage  assemblage', 'Casting  assembly', NULL, 'Verdun', 'La Station (Maison intergénérationnelle)', '201, rue Berlioz, Verdun (Québec) H3C 1C1', '45.4601340', '-73.5445920', '07/01/2013', 'Lorem ipsum dolor sit amet, consectetur adipiscing elit, sed do eiusmod tempor incididunt ut labore et dolore magna aliqua. '),
(296, 'Kate & Nora', 'Art public', 'Public art', NULL, NULL, '100 x 90 x 45 cm', 'Outremont', NULL, NULL, '45.5175940', '-73.5973110', '08/06/2013', 'Lorem ipsum dolor sit amet, consectetur adipiscing elit, sed do eiusmod tempor incididunt ut labore et dolore magna aliqua. '),
(297, 'COSMOTOME NO 7, OH HOMME !', 'Art public', 'Public art', NULL, NULL, NULL, 'Ville-Marie', NULL, '200, chemin du Tour-de-d\'îsle, Montreal, QC, H3C 4G8', '45.5153010', '-73.5307780', '01/01/2014', 'Lorem ipsum dolor sit amet, consectetur adipiscing elit, sed do eiusmod tempor incididunt ut labore et dolore magna aliqua. '),
(298, 'Point d\'origine', 'Art public', 'Public art', 'Aluminium taillé, soudé et assemblé (fini satiné et gravé)  pavés découpés.', NULL, '192 x 290 x 633,5 cm', 'Rosemont–La Petite-Patrie', NULL, '780, boulevard Rosemont, Montréal, H2S 0A7', '45.5335550', '-73.5962810', '10/08/2014', 'Lorem ipsum dolor sit amet, consectetur adipiscing elit, sed do eiusmod tempor incididunt ut labore et dolore magna aliqua. '),
(299, 'La vélocité des lieux', 'Art public', 'Public art', 'Assemblage', 'Assemblage', '19 x 16 x 13 m', 'Montréal-Nord', NULL, NULL, '45.5962620', '-73.6425870', '06/19/2015', 'Lorem ipsum dolor sit amet, consectetur adipiscing elit, sed do eiusmod tempor incididunt ut labore et dolore magna aliqua. '),
(300, 'test', 'test', 'test', 'test', 'test', 'test', 'test', 'test', '526 rue bourgeoys', '45', '45', '10/02/9556', 'Lorem ipsum dolor sit amet, consectetur adipiscing elit, sed do eiusmod tempor incididunt ut labore et dolore magna aliqua. ');

-- --------------------------------------------------------

--
-- Structure de la table `parcours`
--

CREATE TABLE `parcours` (
  `id_parcours` int(11) NOT NULL,
  `Nom` varchar(100) NOT NULL,
  `Description` varchar(100) NOT NULL
) ENGINE=MyISAM DEFAULT CHARSET=utf8;

--
-- Contenu de la table `parcours`
--

INSERT INTO `parcours` (`id_parcours`, `Nom`, `Description`) VALUES
(1, 'Parcours test', 'teestttt');

-- --------------------------------------------------------

--
-- Structure de la table `parcours_oeuvre`
--

CREATE TABLE `parcours_oeuvre` (
  `id_parcours` int(11) NOT NULL,
  `id_oeuvre` int(11) NOT NULL
) ENGINE=MyISAM DEFAULT CHARSET=utf8;

-- --------------------------------------------------------

--
-- Structure de la table `ref_image`
--


CREATE TABLE `ref_image` (
  `id` int(11) NOT NULL,
  `NoInterne` int(11) NOT NULL,
  `NoImage` varchar(11) NOT NULL
) ENGINE=MyISAM DEFAULT CHARSET=utf8;




INSERT INTO `ref_image` (`id`, `NoInterne`, `NoImage`) VALUES
(1, 1, "962_1"),
(2, 2, '1099_1'),
(3, 3, '1119_1'),
(4, 4, '1127_1'),
(5, 5, '1137_1'),
(6, 6, '1151_1'),
(7, 138, '1668_1'),
(8, 138, '1668_2'),
(9, 138, '1668_3');


-- --------------------------------------------------------

--
-- Structure de la table `sous_categorie`
--

CREATE TABLE `sous_categorie` (
  `id_sous_categorie` int(11) NOT NULL,
  `Nom` varchar(200) NOT NULL
) ENGINE=MyISAM DEFAULT CHARSET=utf8;

--
-- Contenu de la table `sous_categorie`
--

INSERT INTO `sous_categorie` (`id_sous_categorie`, `Nom`) VALUES
(1, 'Sculpture'),
(2, 'Installation'),
(3, 'Vitrail'),
(4, 'Peinture'),
(5, 'Mosaique'),
(6, 'Photographie'),
(7, 'Techniques mixtes'),
(8, 'Ceramique'),
(9, 'Verre'),
(10, 'Bois menuiserie d art'),
(11, 'Mobilier'),
(12, 'Multimédia'),
(13, 'Design industriel'),
(14, 'Émaux');

-- --------------------------------------------------------

--
-- Structure de la table `sous_categorie_oeuvre`
--

CREATE TABLE `sous_categorie_oeuvre` (
  `id_sous_categorie` int(11) NOT NULL,
  `id_oeuvre` int(11) DEFAULT NULL
) ENGINE=MyISAM DEFAULT CHARSET=utf8;

--
-- Contenu de la table `sous_categorie_oeuvre`
--

INSERT INTO `sous_categorie_oeuvre` (`id_sous_categorie`, `id_oeuvre`) VALUES
(1, 1),
(1, 4),
(1, 5),
(1, 6),
(1, 7),
(1, 8),
(1, 9),
(1, 11),
(1, 21),
(1, 23),
(1, 24),
(1, 25),
(1, 26),
(1, 27),
(1, 28),
(1, 29),
(1, 39),
(1, 40),
(1, 41),
(1, 42),
(1, 44),
(1, 45),
(1, 47),
(1, 49),
(1, 50),
(1, 51),
(1, 52),
(1, 53),
(1, 54),
(1, 56),
(1, 57),
(1, 58),
(1, 61),
(1, 62),
(1, 64),
(1, 65),
(1, 70),
(1, 71),
(1, 73),
(1, 74),
(1, 75),
(1, 77),
(1, 78),
(1, 79),
(1, 80),
(1, 82),
(1, 83),
(1, 85),
(1, 87),
(1, 88),
(1, 89),
(1, 91),
(1, 93),
(1, 94),
(1, 97),
(1, 98),
(1, 101),
(1, 103),
(1, 104),
(1, 105),
(1, 108),
(1, 110),
(1, 112),
(1, 113),
(1, 114),
(1, 123),
(1, 124),
(1, 125),
(1, 128),
(1, 129),
(1, 130),
(1, 131),
(1, 132),
(1, 133),
(1, 134),
(1, 135),
(1, 136),
(1, 137),
(1, 138),
(1, 140),
(1, 141),
(1, 142),
(1, 145),
(1, 146),
(1, 147),
(1, 148),
(1, 149),
(1, 150),
(1, 151),
(1, 152),
(1, 155),
(1, 156),
(1, 157),
(1, 158),
(1, 159),
(1, 165),
(1, 166),
(1, 167),
(1, 168),
(1, 169),
(1, 170),
(1, 173),
(1, 174),
(1, 175),
(1, 177),
(1, 179),
(1, 180),
(1, 181),
(1, 182),
(1, 183),
(1, 184),
(1, 186),
(1, 187),
(1, 189),
(1, 190),
(1, 191),
(1, 192),
(1, 193),
(1, 200),
(1, 201),
(1, 202),
(1, 203),
(1, 204),
(1, 206),
(1, 207),
(1, 208),
(1, 210),
(1, 211),
(1, 212),
(1, 213),
(1, 214),
(1, 216),
(1, 217),
(1, 218),
(1, 222),
(1, 226),
(1, 228),
(1, 229),
(1, 231),
(1, 232),
(1, 233),
(1, 234),
(1, 235),
(1, 240),
(1, 241),
(1, 242),
(1, 243),
(1, 244),
(1, 245),
(1, 246),
(1, 247),
(1, 248),
(1, 249),
(1, 250),
(1, 251),
(1, 252),
(1, 253),
(1, 257),
(1, 259),
(1, 261),
(1, 262),
(1, 263),
(1, 265),
(1, 266),
(1, 267),
(1, 268),
(1, 269),
(1, 270),
(1, 275),
(1, 276),
(1, 277),
(1, 281),
(1, 282),
(1, 283),
(1, 284),
(1, 286),
(1, 287),
(1, 288),
(1, 292),
(1, 293),
(1, 295),
(1, 297),
(1, 298),
(1, 299),
(2, 2),
(2, 3),
(2, 10),
(2, 38),
(2, 46),
(2, 48),
(2, 60),
(2, 66),
(2, 67),
(2, 68),
(2, 69),
(2, 72),
(2, 76),
(2, 86),
(2, 90),
(2, 92),
(2, 100),
(2, 106),
(2, 107),
(2, 109),
(2, 111),
(2, 115),
(2, 116),
(2, 117),
(2, 118),
(2, 119),
(2, 120),
(2, 121),
(2, 122),
(2, 143),
(2, 153),
(2, 154),
(2, 163),
(2, 164),
(2, 171),
(2, 172),
(2, 176),
(2, 178),
(2, 194),
(2, 197),
(2, 198),
(2, 199),
(2, 205),
(2, 225),
(2, 238),
(2, 239),
(2, 256),
(2, 264),
(2, 271),
(2, 272),
(2, 273),
(2, 280),
(2, 285),
(2, 289),
(2, 296),
(3, 12),
(3, 13),
(3, 14),
(3, 15),
(3, 59),
(3, 144),
(3, 219),
(4, 16),
(4, 17),
(4, 22),
(4, 30),
(4, 31),
(4, 32),
(4, 33),
(4, 34),
(4, 35),
(4, 36),
(4, 63),
(4, 81),
(4, 84),
(4, 95),
(4, 99),
(4, 102),
(4, 127),
(4, 139),
(4, 209),
(4, 215),
(4, 227),
(4, 230),
(4, 254),
(4, 260),
(4, 278),
(5, 18),
(6, 19),
(6, 20),
(6, 96),
(6, 126),
(6, 221),
(6, 223),
(6, 224),
(7, 37),
(7, 43),
(7, 188),
(7, 195),
(7, 196),
(7, 220),
(7, 236),
(7, 290),
(8, 55),
(8, 160),
(8, 258),
(8, 291),
(9, 161),
(9, 162),
(10, 185),
(11, 237),
(12, 255),
(12, 294),
(13, 274),
(14, 279);

-- --------------------------------------------------------

--
-- Structure de la table `user`
--

CREATE TABLE `user` (
  `id_user` int(11) NOT NULL,
  `login` varchar(100) NOT NULL,
  `password` varchar(100) NOT NULL,
  `role` varchar(100) NOT NULL,
  `courriel` varchar(100) NOT NULL
) ENGINE=InnoDB DEFAULT CHARSET=utf8;

--
-- Contenu de la table `user`
--

INSERT INTO `user` (`id_user`, `login`, `password`, `role`, `courriel`) VALUES
(1, 'admin', '$2y$10$Tzf5BrvTL3EnbZW.5H8zGODHT/ZAXVtPiepqyQnGsBbSk2p.Gmbiy', 'admin', 'testAdmin@gmail.com'),
(2, 'userLambda', '$2y$10$jSjNOu0gg0hAMVnXgH.bYu8jdNxRWP7ETVOz3rJMXP2ObUcQHPQNG', 'usager', 'testUserLambda@gmail.com');

-- --------------------------------------------------------

--
-- Structure de la table `vote`
--

CREATE TABLE `vote` (
  `id_user` int(11) NOT NULL,
  `id_oeuvre` int(11) NOT NULL
) ENGINE=MyISAM DEFAULT CHARSET=utf8;

--
-- Index pour les tables exportées
--

--
-- Index pour la table `artiste`
--
ALTER TABLE `artiste`
  ADD PRIMARY KEY (`id_artiste`);

--
-- Index pour la table `artiste_oeuvre`
--
ALTER TABLE `artiste_oeuvre`
  ADD KEY `id_oeuvre` (`id_oeuvre`),
  ADD KEY `id_artiste` (`id_artiste`);

--
-- Index pour la table `a_visiter`
--
ALTER TABLE `a_visiter`
  ADD KEY `id_user` (`id_user`),
  ADD KEY `id_oeuvre` (`id_oeuvre`);

--
-- Index pour la table `categorie`
--
ALTER TABLE `categorie`
  ADD PRIMARY KEY (`id_categorie`);

--
-- Index pour la table `categorie_oeuvre`
--
ALTER TABLE `categorie_oeuvre`
  ADD KEY `id_categorie` (`id_categorie`),
  ADD KEY `id_oeuvre` (`id_oeuvre`);

--
-- Index pour la table `favoris`
--
ALTER TABLE `favoris`
  ADD KEY `id_user` (`id_user`),
  ADD KEY `id_oeuvre` (`id_oeuvre`);

--
-- Index pour la table `materiaux`
--
ALTER TABLE `materiaux`
  ADD PRIMARY KEY (`id_mat`);

--
-- Index pour la table `materiaux_oeuvre`
--
ALTER TABLE `materiaux_oeuvre`
  ADD KEY `id_materiaux` (`id_materiaux`),
  ADD KEY `id_oeuvre` (`id_oeuvre`);

--
-- Index pour la table `oeuvre`
--
ALTER TABLE `oeuvre`
  ADD PRIMARY KEY (`id_oeuvre`);

--
-- Index pour la table `parcours`
--
ALTER TABLE `parcours`
  ADD PRIMARY KEY (`id_parcours`);

--
-- Index pour la table `parcours_oeuvre`
--
ALTER TABLE `parcours_oeuvre`
  ADD KEY `id_oeuvre` (`id_oeuvre`),
  ADD KEY `id_parcours` (`id_parcours`);

--
-- Index pour la table `ref_image`
--
ALTER TABLE `ref_image`
  ADD PRIMARY KEY (`id`),
  ADD KEY `NoInterne` (`NoInterne`);

--
-- Index pour la table `sous_categorie`
--
ALTER TABLE `sous_categorie`
  ADD PRIMARY KEY (`id_sous_categorie`);

--
-- Index pour la table `sous_categorie_oeuvre`
--
ALTER TABLE `sous_categorie_oeuvre`
  ADD KEY `id_sous_categorie` (`id_sous_categorie`),
  ADD KEY `id_oeuvre` (`id_oeuvre`);

--
-- Index pour la table `user`
--
ALTER TABLE `user`
  ADD PRIMARY KEY (`id_user`);

--
-- Index pour la table `vote`
--
ALTER TABLE `vote`
  ADD KEY `id_user` (`id_user`),
  ADD KEY `id_oeuvre` (`id_oeuvre`);

--
-- AUTO_INCREMENT pour les tables exportées
--

--
-- AUTO_INCREMENT pour la table `artiste`
--
ALTER TABLE `artiste`
  MODIFY `id_artiste` int(11) NOT NULL AUTO_INCREMENT, AUTO_INCREMENT=207;
--
-- AUTO_INCREMENT pour la table `materiaux`
--
ALTER TABLE `materiaux`
  MODIFY `id_mat` int(11) NOT NULL AUTO_INCREMENT COMMENT 'Selon le NoInterne', AUTO_INCREMENT=92;
--
-- AUTO_INCREMENT pour la table `oeuvre`
--
ALTER TABLE `oeuvre`
  MODIFY `id_oeuvre` int(11) NOT NULL AUTO_INCREMENT, AUTO_INCREMENT=301;
--
-- AUTO_INCREMENT pour la table `sous_categorie`
--
ALTER TABLE `sous_categorie`
  MODIFY `id_sous_categorie` int(11) NOT NULL AUTO_INCREMENT, AUTO_INCREMENT=15;
/*!40101 SET CHARACTER_SET_CLIENT=@OLD_CHARACTER_SET_CLIENT */;
/*!40101 SET CHARACTER_SET_RESULTS=@OLD_CHARACTER_SET_RESULTS */;
/*!40101 SET COLLATION_CONNECTION=@OLD_COLLATION_CONNECTION */;


CREATE TABLE contact (
  `id_contact` int(11) NOT NULL,
  `nom` varchar(50) NOT NULL,
  `prenom` varchar(50) NOT NULL,
  `courriel` varchar(50) NOT NULL,
  `sujet` varchar(50) NOT NULL,
  `commentaire` varchar(500) NOT NULL
) ENGINE=InnoDB DEFAULT CHARSET=utf8;

ALTER TABLE `contact`
  MODIFY `id_contact` int(11) NOT NULL AUTO_INCREMENT, AUTO_INCREMENT=15,
  ADD PRIMARY KEY (`id_contact`);